Marca temporal,"Nombre de la institución:
colocar preferentemente en mayúsculas.","Dirección:
colocar preferentemente en mayúsculas.","Localidad:
colocar preferentemente en mayúsculas.","Nombre de la carrera:
colocar preferentemente en mayúsculas.","Localidad donde se dicta:
colocar preferentemente en mayúsculas.",Duración en años:,Duración en cuatrimestres:,Modalidad de dictado:,Area:,¿La carrera es arancelada?,"Link de acceso a más información sobre la carrera:
enlace específico o institucional.",¿Desea cargar otra carrera?,"Nombre de la carrera:
colocar preferentemente en mayúsculas.","Localidad donde se dicta:
colocar preferentemente en mayúsculas.",Duración en años:,Duración en cuatrimestres:,Modalidad de dictado:,Area:,¿La carrera es arancelada?,"Link de acceso a más información sobre la carrera:
enlace específico o institucional.",¿Desea cargar otra carrera?,"Nombre de la carrera:
colocar preferentemente en mayúsculas.","Localidad donde se dicta:
colocar preferentemente en mayúsculas.",Duración en años:,Duración en cuatrimestres:,Modalidad de dictado:,Area:,¿La carrera es arancelada?,"Link de acceso a más información sobre la carrera:
enlace específico o institucional.",¿Desea cargar otra carrera?,"Nombre de la carrera:
colocar preferentemente en mayúsculas.","Localidad donde se dicta:
colocar preferentemente en mayúsculas.",Duración en años:,Duración en cuatrimestres:,Modalidad de dictado:,Area:,¿La carrera es arancelada?,"Link de acceso a más información sobre la carrera:
enlace específico o institucional.",¿Desea cargar otra carrera?,"Nombre de la carrera:
colocar preferentemente en mayúsculas.","Localidad donde se dicta:
colocar preferentemente en mayúsculas.",Duración en años:,Duración en cuatrimestres:,Modalidad de dictado:,Area:,¿La carrera es arancelada?,"Link de acceso a más información sobre la carrera:
enlace específico o institucional.",¿Desea cargar otra carrera?,"Nombre de la carrera:
colocar preferentemente en mayúsculas.","Localidad donde se dicta:
colocar preferentemente en mayúsculas.",Duración en años:,Duración en cuatrimestres:,Modalidad de dictado:,Area:,¿La carrera es arancelada?,"Link de acceso a más información sobre la carrera:
enlace específico o institucional.",¿Desea cargar otra carrera?,"Nombre de la carrera:
colocar preferentemente en mayúsculas.","Localidad donde se dicta:
colocar preferentemente en mayúsculas.",Duración en años:,Duración en cuatrimestres:,Modalidad de dictado:,Area:,¿La carrera es arancelada?,"Link de acceso a más información sobre la carrera:
enlace específico o institucional.",¿Desea cargar otra carrera?,"Nombre de la carrera:
colocar preferentemente en mayúsculas.","Localidad donde se dicta:
colocar preferentemente en mayúsculas.",Duración en años:,Duración en cuatrimestres:,Modalidad de dictado:,Area:,¿La carrera es arancelada?,"Link de acceso a más información sobre la carrera:
enlace específico o institucional.",¿Desea cargar otra carrera?,"Nombre de la carrera:
colocar preferentemente en mayúsculas.","Localidad donde se dicta:
colocar preferentemente en mayúsculas.",Duración en años:,Duración en cuatrimestres:,Modalidad de dictado:,Area:,¿La carrera es arancelada?,"Link de acceso a más información sobre la carrera:
enlace específico o institucional.",¿Desea cargar otra carrera?,"Nombre de la carrera:
colocar preferentemente en mayúsculas.","Localidad donde se dicta:
colocar preferentemente en mayúsculas.",Duración en años:,Duración en cuatrimestres:,Modalidad de dictado:,Area:,¿La carrera es arancelada?,"Link de acceso a más información sobre la carrera:
enlace específico o institucional.",¿Desea cargar otra carrera?,Sitio web institucional:
12/06/2026 10:40:11,Instituto superior de la bahia,BROWN 236,BAHIA BLANCA,TECNICATURA SUPERIOR EN DISEÑO Y PRODUCCIÓN DE INDUMENTARIA ,BAHIA BLANCA,3,6,Modalidad presencial (sin separación en tiempo y espacio).,ARQUITECTURA Y DISEÑO,Si,Institutodelabahia.com.ar,Si,TECNICATURA SUPERIOR EN DISEÑO DE INTERIORES,BAHIA BLANCA,3,6,Modalidad presencial (sin separación en tiempo y espacio).,ARQUITECTURA Y DISEÑO,Si,Institutodelabahia.com.ar,Si,TECNICATURA SUPERIOR EN ACOMPAÑANTE TERAPÉUTICO ,BAHIA BLANCA,3,6,Modalidad híbrida (combina presencialidad y a distancia sincrónica).,CIENCIAS DE LA SALUD,Si,Institutodelabahia.com.ar,"No, finalizar y enviar",,,,,,,,,,,,,,,,,,,,,,,,,,,,,,,,,,,,,,,,,,,,,,,,,,,,,,,,,,,,,,,,Institutodelabahia.com.ar
12/06/2026 10:45:04,INSTITUTO SUPERIOR EN CIENCIAS DE LA COMUNICACIÓN SOCIAL ,BROWN 236,BAHIA BLANCA,TECNICATURA SUPERIOR EN PERIODISMO ,Bahia blanca,3,6,Modalidad presencial (sin separación en tiempo y espacio).,CIENCIAS HUMANAS Y SOCIALES,Si,Www.Periodismobahia.com.ar,Si,TECNICATURA SUPERIOR EN LOCUCIÓN ,BAHIA BLANCA,3,6,Modalidad presencial (sin separación en tiempo y espacio).,CIENCIAS HUMANAS Y SOCIALES,Si,Www.periodismobahia.com.ar,"No, finalizar y enviar",,,,,,,,,,,,,,,,,,,,,,,,,,,,,,,,,,,,,,,,,,,,,,,,,,,,,,,,,,,,,,,,,,,,,,,,,Periodismobahia.com.ar
12/06/2026 10:45:39,DEPARTAMENTO DE GEOLOGÍA,AVENIDA ALEMA 1253 CUERPO B' 2°PISO,BAHIA BLANCA,LICENCIATURA EN CIENCIAS GEOLÓGICAS,BAHIA BLANCA,5,10,Modalidad presencial (sin separación en tiempo y espacio).,CIENCIAS NATURALES,No,https://www.uns.edu.ar/deptos/geologia,Si,TECNICATURA UNIVERSITARIA EN MEDIO AMBIENTE,BAHIA BLANCA,3,6,Modalidad presencial (sin separación en tiempo y espacio).,CIENCIAS AMBIENTALES,No,https://servicios.uns.edu.ar/grado/plan.asp?dependen=5&carrera=167,Si,PROFESORADO EN GEOCIENCIAS,BAHIA BLANCA,4,8,Modalidad presencial (sin separación en tiempo y espacio).,CIENCIAS NATURALES,No,https://servicios.uns.edu.ar/grado/plan.asp?dependen=5&carrera=133,"No, finalizar y enviar",,,,,,,,,,,,,,,,,,,,,,,,,,,,,,,,,,,,,,,,,,,,,,,,,,,,,,,,,,,,,,,,https://www.uns.edu.ar/deptos/geologia
12/06/2026 10:46:10,Departamento de Agronomía UNS,CAMPUS PALIHUE - SAN ANDRÉS 800,BAHÍA BLANCA,INGENIERÍA AGRONÓMICA ,BAHÍA BLANCA,5,10,Modalidad presencial (sin separación en tiempo y espacio).,CIENCIAS AGROPECUARIAS Y AGROINDUSTRIALES,No,https://www.uns.edu.ar/deptos/agronomia,Si,TECNICATURA SUPERIOR AGRARIA EN SUELOS Y AGUAS,BAHÍA BLANCA,3,5,Modalidad presencial (sin separación en tiempo y espacio).,CIENCIAS AGROPECUARIAS Y AGROINDUSTRIALES,No,https://www.uns.edu.ar/deptos/agronomia,Si,TECNICATURA UNIVERSITARIA EN PARQUES Y JARDINES,BAHÍA BLANCA,3,6,Modalidad presencial (sin separación en tiempo y espacio).,CIENCIAS AGROPECUARIAS Y AGROINDUSTRIALES,No,https://www.uns.edu.ar/deptos/agronomia,"No, finalizar y enviar",,,,,,,,,,,,,,,,,,,,,,,,,,,,,,,,,,,,,,,,,,,,,,,,,,,,,,,,,,,,,,,,https://www.uns.edu.ar/deptos/agronomia
12/06/2026 13:20:46,UNIVERSIDAD SIGLO 21,ALVARADO 328,BAHIA BLANCA,ABOGACIA,BAHIA BLANCA,4,8,"Modalidad a distancia asincrónica (separación en tiempo y espacio, sin necesidad de conexión en horarios fijos).",CIENCIAS HUMANAS Y SOCIALES,Si,https://web.whatsapp.com/,Si,ACTUARIO,BAHIA BLANCA,4,8,"Modalidad a distancia asincrónica (separación en tiempo y espacio, sin necesidad de conexión en horarios fijos).",CIENCIAS HUMANAS Y SOCIALES,Si,https://web.whatsapp.com/,Si,CONTADOR PUBLICO,BAHIA BLANCA,4,8,"Modalidad a distancia asincrónica (separación en tiempo y espacio, sin necesidad de conexión en horarios fijos).",CIENCIAS EXACTAS,Si,https://web.whatsapp.com/,Si,LIC.ADMINISTRACION,BAHIA BLANCA,4,8,"Modalidad a distancia asincrónica (separación en tiempo y espacio, sin necesidad de conexión en horarios fijos).",CIENCIAS ECONÓMICAS Y ADMINISTRACIÓN,Si,https://web.whatsapp.com/,Si,LIC.AMBIENTE Y ENERGIAS RENOVABLES,BAHIA BLANCA,4,8,"Modalidad a distancia asincrónica (separación en tiempo y espacio, sin necesidad de conexión en horarios fijos).",CIENCIAS AGROPECUARIAS Y AGROINDUSTRIALES,Si,https://web.whatsapp.com/,Si,LIC.BIOINFORMATICA,BAHIA BLANCA,4,8,"Modalidad a distancia asincrónica (separación en tiempo y espacio, sin necesidad de conexión en horarios fijos).",SISTEMAS E INFORMÁTICA,Si,https://web.whatsapp.com/,Si,LIC.CIENCIA DE DATOS,BAHIA BLANCA,4,8,"Modalidad a distancia asincrónica (separación en tiempo y espacio, sin necesidad de conexión en horarios fijos).",SISTEMAS E INFORMÁTICA,Si,https://web.whatsapp.com/,Si,LIC.CIENCIAS POLITICAS Y DE GOBIERNO,BAHIA BLANCA,4,8,"Modalidad a distancia asincrónica (separación en tiempo y espacio, sin necesidad de conexión en horarios fijos).",CIENCIAS HUMANAS Y SOCIALES,Si,https://web.whatsapp.com/,Si,LIC.COMERCIALIZACION,BAHIA BLANCA,4,8,"Modalidad a distancia asincrónica (separación en tiempo y espacio, sin necesidad de conexión en horarios fijos).",CIENCIAS ECONÓMICAS Y ADMINISTRACIÓN,Si,https://web.whatsapp.com/,Si,LIC.COMERCIO INTERNACIONAL,BAHIA BLANCA,4,8,"Modalidad a distancia asincrónica (separación en tiempo y espacio, sin necesidad de conexión en horarios fijos).",CIENCIAS ECONÓMICAS Y ADMINISTRACIÓN,Si,https://web.whatsapp.com/,Si,https://21.edu.ar/
12/06/2026 14:41:42,DEPARTAMENTO DE DERECHO (UNIVERSIDAD NACIONAL DEL SUR),SAN ANDRÉS 800,BAHÍA BLANCA,ABOGACÍA,"BAHÍA BLANCA, BUENOS AIRES",5,10,Modalidad presencial (sin separación en tiempo y espacio).,CIENCIAS HUMANAS Y SOCIALES,No,https://derecho.uns.edu.ar/abogacia/,Si,LICENCIATURA EN SEGURIDAD PÚBLICA,"VIRTUAL (SEDE DE LA INSTITUCIÓN EN BAHÍA BLANCA, BUENOS AIRES)",2,4,"Modalidad a distancia sincrónica (separación de espacio, con clases en días y horarios establecidos).",CIENCIAS HUMANAS Y SOCIALES,No,https://derecho.uns.edu.ar/licenciatura-en-seguridad-publica/,"No, finalizar y enviar",,,,,,,,,,,,,,,,,,,,,,,,,,,,,,,,,,,,,,,,,,,,,,,,,,,,,,,,,,,,,,,,,,,,,,,,,DERECHO.UNS.EDU.AR
12/06/2026 15:44:50,Instituto Goyena ,Avenida Colón 446 ,Bahía Blanca ,Tecnicatura Superior en Traductorado Técnico -Científico en Lengua Inglesa,Bahía Blanca ,3,6,Modalidad presencial (sin separación en tiempo y espacio).,CIENCIAS HUMANAS Y SOCIALES,Si,https://share.google/eTvnulkORvPBFnh52,"No, finalizar y enviar",,,,,,,,,,,,,,,,,,,,,,,,,,,,,,,,,,,,,,,,,,,,,,,,,,,,,,,,,,,,,,,,,,,,,,,,,,,,,,,,,,www.institutogoyena.edu.ar 
12/06/2026 18:23:25,ARMADA ARGENTINA ,SARMIENTO N° 186 ,BAHIA BLANCA ,OFICIALES Y SUBOFICIALES DE LA ARMADA ,PUNTA ALTA Y LA PLATA,SEGUN CARRERA ,SEGUN CARRERA,Modalidad presencial (sin separación en tiempo y espacio).,CIENCIAS ECONÓMICAS Y ADMINISTRACIÓN,No,www.incorporacion.armada.mil.ar,"No, finalizar y enviar",,,,,,,,,,,,,,,,,,,,,,,,,,,,,,,,,,,,,,,,,,,,,,,,,,,,,,,,,,,,,,,,,,,,,,,,,,,,,,,,,,www.incorporacion.armada.mil.ar
13/06/2026 16:10:10,UNS DIQ,Alem 1253,Bahía Blanca,INGENIERÍA QUÍMICA,BAHÍA BLANCA,5,10,Modalidad presencial (sin separación en tiempo y espacio).,TECNOLÓGICAS,No,http://www.diq.uns.edu.ar/WebIQ/grado/menu-ofertacad-grado-iq.htm,Si,INGENIERÍA EN ALIMENTOS,BAHÍA BLANCA,5,10,Modalidad presencial (sin separación en tiempo y espacio).,TECNOLÓGICAS,No,http://www.diq.uns.edu.ar/WebIQ/grado/menu-ofertacad-grado-ia.htm,Si,TECNICATURA UNIVERSITARIA EN OPERACIONES INDUSTRIALES,BAHÍA BLANCA,3,6,Modalidad presencial (sin separación en tiempo y espacio).,TECNOLÓGICAS,No,http://www.diq.uns.edu.ar/WebIQ/grado/menu-ofertacad-grado-tuoi.htm,Si,TECNICATURA UNIVERSITARIA EN PETRÓLEO Y GAS,BAHÍA BLANCA,3,6,Modalidad presencial (sin separación en tiempo y espacio).,TECNOLÓGICAS,No,http://www.diq.uns.edu.ar/WebIQ/grado/menu-ofertacad-grado-tupg.htm,Si,TECNICATURA UNIVERSITARIA EN EMPRENDIMIENTOS AGROALIMENTARIOS,PEUZO ,3,6,"Modalidad a distancia sincrónica (separación de espacio, con clases en días y horarios establecidos).",TECNOLÓGICAS,No,http://www.diq.uns.edu.ar/WebIQ/grado/menu-ofertacad-grado-tuea.htm,"No, finalizar y enviar",,,,,,,,,,,,,,,,,,,,,,,,,,,,,,,,,,,,,,,,,,,,,,www.diq.uns.edu.ar
13/06/2026 16:45:42,FUNDACIÓN UNIVERSIDAD PATAGÓNICA,AV. ALEM 1585,BAHÍA BLANCA,LICENCIATURA EN KINESIOLOGÍA Y FISIATRÍA. ,BAHÍA BLANCA,CUATRO (4),DOCE (12),Modalidad híbrida (combina presencialidad y a distancia sincrónica).,CIENCIAS DE LA SALUD,Si,https://www.instagram.com/FUNDACION.UP,Si,LICENCIATURA EN PODOLOGÍA,BAHÍA BLANCA,CUATRO,DOCE,Modalidad híbrida (combina presencialidad y a distancia sincrónica).,CIENCIAS DE LA SALUD,Si,INSTAGRAM.COM/FUNDACION.UP,Si,LICENCIATURA EN ACTIVIDAD FÍSICA,BAHÍA BLANCA,CUATRO,DOCE,Modalidad híbrida (combina presencialidad y a distancia sincrónica).,CIENCIAS DE LA SALUD,Si,INSTAGRAM.COM/FUNDACION.UP,Si,LICENCIATURA EN TERAPIA OCUPACIONAL,BAHÍA BLANCA,CUATRO,DOCE,Modalidad híbrida (combina presencialidad y a distancia sincrónica).,CIENCIAS DE LA SALUD,Si,INSTAGRAM.COM/FUNDACION.UP,Si,CICLO DE LICENCIATURA EN ACTIVIDAD FÍSICA ,BAHÍA BLANCA,UN AÑO Y MEDIO,TRES,Modalidad híbrida (combina presencialidad y a distancia sincrónica).,CIENCIAS DE LA SALUD,Si,INSTAGRAM.COM/FUNDACION.UP,Si,CICLO DE LICENCIATURA EN PODOLOGÍA,BAHÍA BLANCA,UN AÑO Y MEDIO,TRES,"Modalidad a distancia sincrónica (separación de espacio, con clases en días y horarios establecidos).",CIENCIAS DE LA SALUD,Si,INSTAGRAM.COM/FUNDACION.UP,Si,CICLO DE LICENCIATURA EN COSMETOLOGÍA,BAHÍA BLANCA,UN AÑO Y MEDIO,TRES,"Modalidad a distancia sincrónica (separación de espacio, con clases en días y horarios establecidos).",CIENCIAS DE LA SALUD,Si,INSTAGRAM.COM/FUNDACION.UP,Si,TECNICATURA EN COSMETOLOGÍA FACIAL Y CORPORAL,BAHÍA BLANCA,TRES,NUEVE,Modalidad híbrida (combina presencialidad y a distancia sincrónica).,CIENCIAS DE LA SALUD,Si,INSTAGRAM.COM/FUNDACION.UP,Si,TECNICATURA EN YOGA Y SALUD INTEGRAL,BAHÍA BLANCA,TRES,NUEVE,Modalidad híbrida (combina presencialidad y a distancia sincrónica).,CIENCIAS DE LA SALUD,Si,INSTAGRAM.COM/FUNDACION.UP,Si,TECNICATURA UNIVERSITARIA EN CIENCIA DE DATOS,BAHÍA BLANCA,DOS,CUATRO,"Modalidad a distancia sincrónica (separación de espacio, con clases en días y horarios establecidos).",SISTEMAS E INFORMÁTICA,Si,INSTAGRAM.COM/FUNDACION.UP,Si,
13/06/2026 16:53:28,FUNDACIÓN UNIVERSIDAD PATAGÓNICA,--,BAHÍA BLANCA,CICLO DE LIC. EN CIENCIAS DE DATOS,BAHÍA BLANCA,UN AÑO Y MEDIO,CUATRO,"Modalidad a distancia sincrónica (separación de espacio, con clases en días y horarios establecidos).",SISTEMAS E INFORMÁTICA,Si,INSTAGRAM.COM/FUNDACION.UP,Si,CICLO DE LIC. EN DISEÑO DE COMUNICACIÓN VISUAL,BAHÍA BLANCA,AÑO Y MEDIO,TRES,"Modalidad a distancia sincrónica (separación de espacio, con clases en días y horarios establecidos).",ARQUITECTURA Y DISEÑO,Si,INSTAGRAM.COM/FUNDACION.UP,Si,CICLO DE LICENCIATURA EN DISEÑO DE ESPACIOS INTERIORES,BAHÍA BLANCA,AÑO Y MEDIO,TRES,"Modalidad a distancia sincrónica (separación de espacio, con clases en días y horarios establecidos).",ARQUITECTURA Y DISEÑO,Si,INSTAGRAM.COM/FUNDACION.UP,Si,CICLO DE LIC. DE DISEÑO E INNOVACIÓN EN LA MODA,BAHÍA BLANCA,UN AÑO,DOS,"Modalidad a distancia sincrónica (separación de espacio, con clases en días y horarios establecidos).",ARQUITECTURA Y DISEÑO,Si,INSTAGRAM.COM/FUNDACION.UP,Si,LICENCIATURA EN PSICOPEDAGOGÍA,BAHÍA BLANCA,CUATRO,DOCE,Modalidad híbrida (combina presencialidad y a distancia sincrónica).,CIENCIAS HUMANAS Y SOCIALES,Si,INSTAGRAM.COM/FUNDACION.UP,Si,CICLO DE LICENCIATURA EN PSICOPEDAGOGÍA,BAHÍA BLANCA,AÑO Y MEDIO,TRES,"Modalidad a distancia sincrónica (separación de espacio, con clases en días y horarios establecidos).",CIENCIAS HUMANAS Y SOCIALES,Si,INSTAGRAM.COM/FUNDACION.UP,Si,CICLO DE LICENCIATURA EN GESTIÓN DE LA EDUCACIÓN,BAHÍA BLANCA,AÑO Y MEDIO,TRES,"Modalidad a distancia sincrónica (separación de espacio, con clases en días y horarios establecidos).",CIENCIAS HUMANAS Y SOCIALES,Si,INSTAGRAM.COM/FUNDACION.UP,Si,PROFESORADO DE EDUCACIÓN SECUNDARIA DE MODALIDAD TÉCNICO PROFESIONAL,BAHÍA BLANCA,CUATRO,DOCE,Modalidad híbrida (combina presencialidad y a distancia sincrónica).,CIENCIAS HUMANAS Y SOCIALES,Si,INSTAGRAM.COM/FUNDACION.UP,Si,PROFESORADO UNIVERSITARIO,BAHÍA BLANCA,DOS,CUATRO,Modalidad híbrida (combina presencialidad y a distancia sincrónica).,CIENCIAS HUMANAS Y SOCIALES,Si,INSTAGRAM.COM/FUNDACION.UP,Si,TECNICATURA UNIVERSITARIA EN CIBERSEGURIDAD,BAHÍA BLANCA,DOS,CUATRO,"Modalidad a distancia sincrónica (separación de espacio, con clases en días y horarios establecidos).",SISTEMAS E INFORMÁTICA,Si,INSTAGRAM.COM/FUNDACION.UP,Si,
13/06/2026 17:03:00,FUNDACIÓN UNIVERSIDAD PATAGÓNICA,--,BAHÍA BLANCA,TECNICATURA EN SEGURIDAD PUBLICA Y CIUDADANA,BAHÍA BLANCA,DOS,CUATRO,"Modalidad a distancia sincrónica (separación de espacio, con clases en días y horarios establecidos).",SEGURIDAD PÚBLICA,Si,INSTAGRAM.COM/FUNDACION.UP,Si,CICLO DE LICENCIATURA EN CIBERSEGURIDAD,BAHÍA BLANCA,AÑO Y MEDIO,TRES,"Modalidad a distancia sincrónica (separación de espacio, con clases en días y horarios establecidos).",SISTEMAS E INFORMÁTICA,Si,INSTAGRAM.COM/FUNDACION.UP,Si,CICLO DE LICENCIATURA EN SEGURIDAD PÚBLICA Y CIUDADANA,BAHÍA BLANCA,AÑO Y MEDIO,TRES,"Modalidad a distancia sincrónica (separación de espacio, con clases en días y horarios establecidos).",SEGURIDAD PÚBLICA,Si,INSTAGRAM.COM/FUNDACION.UP,Si,CICLO DE LICENCIATURA EN HIGIENE Y SEGURIDAD LABORAL,BAHÍA BLANCA,AÑO Y MEDIO,TRES,"Modalidad a distancia sincrónica (separación de espacio, con clases en días y horarios establecidos).",SEGURIDAD PÚBLICA,Si,INSTAGRAM.COM/FUNDACION.UP,Si,LICENCIATURA EN ORTESIS Y PRÓTESIS,BAHÍA BLANCA,CUATRO,OCHO,Modalidad híbrida (combina presencialidad y a distancia sincrónica).,CIENCIAS DE LA SALUD,Si,INSTAGRAM.COM/FUNDACION.UP,Si,CICLO DE LICENCIATURA EN ACOMPAÑAMIENTO TERAPÉUTICO,BAHÍA BLANCA,AÑO Y MEDIO,TRES,"Modalidad a distancia asincrónica (separación en tiempo y espacio, sin necesidad de conexión en horarios fijos).",CIENCIAS DE LA SALUD,Si,INSTAGRAM.COM/FUNDACION.UP,Si,CICLO DE LICENCIATURA EN PSICOMOTRICIDAD,BAHÍA BLANCA,AÑO Y MEDIO,TRES,"Modalidad a distancia asincrónica (separación en tiempo y espacio, sin necesidad de conexión en horarios fijos).",CIENCIAS DE LA SALUD,Si,INSTAGRAM.COM/FUNDACION.UP,Si,TECNICATURA UNIVERSITARIA EN ACOMPAÑAMIENTO TERAPÉUTICO EN SALUD MENTAL Y ADICCIONES,BAHÍA BLANCA,DOS AÑOS Y MEDIO,CINCO,Modalidad híbrida (combina presencialidad y a distancia sincrónica).,CIENCIAS DE LA SALUD,Si,INSTAGRAM.COM/FUNDACION.UP,Si,TECNICATURA EN PODOLOGÍA,BAHÍA BLANCA,DOS AÑOS Y MEDIO,CINCO,Modalidad híbrida (combina presencialidad y a distancia sincrónica).,CIENCIAS DE LA SALUD,Si,INSTAGRAM.COM/FUNDACION.UP,Si,MAESTRÍA EN KINESIOLOGÍA Y FISIOTERAPIA NEUROLÓGICA,BAHÍA BLANCA,AÑO Y MEDIO,TRES,"Modalidad a distancia sincrónica (separación de espacio, con clases en días y horarios establecidos).",CIENCIAS DE LA SALUD,Si,INSTAGRAM.COM/FUNDACION.UP,Si,
13/06/2026 17:05:52,FUNDACIÓN UNIVERSIDAD PATAGÓNICA,..,BAHÍA BLANCA,MAESTRÍA EN KINESIOLOGÍA Y FISIOTERAPIA CARDIORRESPIRATORIA,BAHÍA BLANCA,AÑO Y MEDIO,TRES,"Modalidad a distancia sincrónica (separación de espacio, con clases en días y horarios establecidos).",CIENCIAS DE LA SALUD,Si,INSTAGRAM.COM/FUNDACION.UP,Si,MAESTRÍA EN POLÍTICA Y GESTIÓN DE LA DISCAPACIDAD E INCLUSIÓN SOCIAL,BAHÍA BLANCA,DOS AÑOS,CUATRO,"Modalidad a distancia sincrónica (separación de espacio, con clases en días y horarios establecidos).",CIENCIAS DE LA SALUD,Si,INSTAGRAM.COM/FUNDACION.UP,"No, finalizar y enviar",,,,,,,,,,,,,,,,,,,,,,,,,,,,,,,,,,,,,,,,,,,,,,,,,,,,,,,,,,,,,,,,,,,,,,,,,
16/06/2026 11:22:14,"DEPARTAMENTO DE BIOLOGÍA, BIOQUÍMICA Y FARMACIA - UNIVERSIDAD NACIONAL DEL SUR",SAN JUAN 670,BAHÍA BLANCA,BIOQUIMICA,BAHÍA BLANCA,5 AÑOS Y MEDIO,11,Modalidad presencial (sin separación en tiempo y espacio).,CIENCIAS NATURALES,No,https://www.bbf.uns.edu.ar/,Si,LICENCIATURA EN CIENCIAS BIOLÓGICAS,BAHÍA BLANCA,5,10,Modalidad presencial (sin separación en tiempo y espacio).,CIENCIAS NATURALES,No,https://www.bbf.uns.edu.ar/,Si,FARMACIA,BAHÍA BLANCA,5,10,Modalidad presencial (sin separación en tiempo y espacio).,CIENCIAS NATURALES,No,https://www.bbf.uns.edu.ar/,Si,PROFESORADO EN CIENCIAS BIOLÓGICAS,BAHÍA BLANCA,4,8,Modalidad presencial (sin separación en tiempo y espacio).,CIENCIAS NATURALES,No,https://www.bbf.uns.edu.ar/oferta-academica/profesorado-biologia/,"No, finalizar y enviar",,,,,,,,,,,,,,,,,,,,,,,,,,,,,,,,,,,,,,,,,,,,,,,,,,,,,,,https://www.bbf.uns.edu.ar/
16/06/2026 12:31:37,CENTRO DE FORMACIÓN PROFESIONAL 403,ARAUCANOS 930,BAHÍA BLANCA,VARIADO,ARAUCANOS 930 Y SUB-SEDES,DE 30 DÍAS A UN AÑO,UN MES A 12 MESES,Modalidad presencial (sin separación en tiempo y espacio).,TECNOLÓGICAS,No,https://www.facebook.com/profile.php?id=100089114880008&mibextid=ZbWKwL,"No, finalizar y enviar",,,,,,,,,,,,,,,,,,,,,,,,,,,,,,,,,,,,,,,,,,,,,,,,,,,,,,,,,,,,,,,,,,,,,,,,,,,,,,,,,,
18/06/2026 20:36:16,ESCUELA DE DANZAS ALBA LUTECIA,BROWN 128 2do PISO,BAHÍA BLANCA,DANZAS CONTEMPORÁNEAS (TECNICATURA INTÉRPRETE BAILARÍN EN DANZAS CONTEMPORÁNEAS / PROFESORADO EN DANZAS CONTEMPORÁNEAS),BAHÍA BLANCA,3 AÑOS FORMACIÓN BÁSICA (FOBA) / 2 AÑOS TECNICATURA / 4 AÑOS PROFESORADO ,ANUAL,Modalidad presencial (sin separación en tiempo y espacio).,ARTES,No,https://ecbblanca-bue.infd.edu.ar/sitio/,Si,EXPRESIÓN CORPORAL / PROFESORADO DE DANZA. ORIENTACIÓN EN EXPRESIÓN CORPORAL,BAHÍA BLANCA,1 AÑO FOBA / 4 AÑOS PROFESORADO,ANUAL,Modalidad presencial (sin separación en tiempo y espacio).,ARTES,No,https://ecbblanca-bue.infd.edu.ar/sitio/,Si,DANZAS FOLKLÓRICAS / TECNICATURA EN DANZAS FOLKLÓRICAS / PROFESORADO EN DANZA. ORIENTACIÓN EN DANZAS FOLKLÓRICAS ,BAHÍA BLANCA,1 AÑO DE FOBA / 2 AÑOS TECNICATURA / 4 AÑOS PROFESORADO,ANUAL,Modalidad presencial (sin separación en tiempo y espacio).,ARTES,No,https://ecbblanca-bue.infd.edu.ar/sitio/,Si,DANZAS CLÁSICAS / FORMACIÓN BÁSICA PARA LA TECNICATURA INTÉRPRETE  BAILARÍN EN DANZAS CLÁSICAS Y EL PROFESORADO EN DANZAS CLÁSICAS,BAHÍA BLANCA,7 AÑOS FOBA / 2 AÑOS TECNICATURA / 4 AÑOS PROFESORADO,ANUAL,Modalidad presencial (sin separación en tiempo y espacio).,ARTES,No,https://ecbblanca-bue.infd.edu.ar/sitio/,"No, finalizar y enviar",,,,,,,,,,,,,,,,,,,,,,,,,,,,,,,,,,,,,,,,,,,,,,,,,,,,,,,https://ecbblanca-bue.infd.edu.ar/sitio/
22/06/2026 13:35:59,DEPARTAMENTO DE GEOGRAFIA Y TURISMO,12 DE OCTUBRE 1098 - 4TO PISO,BAHIA BLANCA,LICENCIATURA EN GEOGRAFIA ,BAHIA BLANCA,5,10,Modalidad presencial (sin separación en tiempo y espacio).,CIENCIAS HUMANAS Y SOCIALES,No,https://gota.uns.edu.ar/gota/,Si,PROFESORADO UNIVERTITARIO EN GEOGRAFIA,BAHIA BLANCA,5,10,Modalidad presencial (sin separación en tiempo y espacio).,CIENCIAS HUMANAS Y SOCIALES,No,https://gota.uns.edu.ar/gota/,Si,"TECNICATURA EN CARTOGRAFIA, TELEDETECCION Y SISTEMAS DE INFORMACION GEOGRAFICA",BAHIA BLANCA,3,6,Modalidad presencial (sin separación en tiempo y espacio).,CIENCIAS HUMANAS Y SOCIALES,No,https://gota.uns.edu.ar/gota/,Si,LICENCIATURA EN OCEANOGRAFIA,BAHIA BLANCA,5,10,Modalidad presencial (sin separación en tiempo y espacio).,CIENCIAS NATURALES,No,https://gota.uns.edu.ar/gota/,Si,TECNICATURA UNIVERSITARIA EN OCEANOGRAFIA,BAHIA BLANCA,3,6,Modalidad presencial (sin separación en tiempo y espacio).,CIENCIAS NATURALES,No,https://gota.uns.edu.ar/gota/,Si,LICENCIATURA EN TURISMO,BAHIA BLANCA,4 Y MEDIO,9,Modalidad presencial (sin separación en tiempo y espacio).,CIENCIAS HUMANAS Y SOCIALES,No,https://gota.uns.edu.ar/gota/,Si,ARQUITECTURA,BAHIA BLANCA,5,10,Modalidad presencial (sin separación en tiempo y espacio).,ARQUITECTURA Y DISEÑO,No,https://gota.uns.edu.ar/gota/,"No, finalizar y enviar",,,,,,,,,,,,,,,,,,,,,,,,,,,,https://gota.uns.edu.ar/
23/06/2026 8:52:36,UNIVERSIDAD EMPRESARIAL SIGLO 21,ALVARADO 328,BAHIA BLANCA,ABOGACIA,BAHIA BLANCA,4 AÑOS Y MEDIO,9,"Modalidad a distancia asincrónica (separación en tiempo y espacio, sin necesidad de conexión en horarios fijos).",CIENCIAS HUMANAS Y SOCIALES,Si,https://21.edu.ar/carreras-y-programas/abogacia,Si,ACTUARIO,BAHIA BLANCA,4,8,"Modalidad a distancia asincrónica (separación en tiempo y espacio, sin necesidad de conexión en horarios fijos).",CIENCIAS HUMANAS Y SOCIALES,Si,https://21.edu.ar/carreras-y-programas/actuario,Si,CONTADOR PUBLICO,BAHIA BLANCA,4,8,"Modalidad a distancia asincrónica (separación en tiempo y espacio, sin necesidad de conexión en horarios fijos).",CIENCIAS EXACTAS,Si,https://21.edu.ar/carreras-y-programas/contador-publico,Si,licenciatura en administracion,bahia blanca,4,8,"Modalidad a distancia asincrónica (separación en tiempo y espacio, sin necesidad de conexión en horarios fijos).",CIENCIAS ECONÓMICAS Y ADMINISTRACIÓN,Si,https://21.edu.ar/carreras-y-programas/licenciatura-en-administraci%C3%B3n,Si,licenciatura en administracion agraria,bahia blanca,4,8,"Modalidad a distancia asincrónica (separación en tiempo y espacio, sin necesidad de conexión en horarios fijos).",CIENCIAS ECONÓMICAS Y ADMINISTRACIÓN,Si,https://21.edu.ar/carreras-y-programas/licenciatura-en-administracion-agraria,Si,licenciatura en ambiente y energias renovables,bahia blanca,4,8,"Modalidad a distancia asincrónica (separación en tiempo y espacio, sin necesidad de conexión en horarios fijos).",CIENCIAS AMBIENTALES,Si,https://21.edu.ar/carreras-y-programas/licenciatura-en-ambiente-y-energias-renovables,Si,LICENCIATURA EN BIOINFORMATICA,BAHIA BLANCA,4,8,"Modalidad a distancia asincrónica (separación en tiempo y espacio, sin necesidad de conexión en horarios fijos).",SISTEMAS E INFORMÁTICA,Si,https://21.edu.ar/carreras-y-programas/licenciatura-en-bioinformatica,Si,LICENCIATURA EN CIENCIA DE DATOS,BAHIA BLANCA,4,8,"Modalidad a distancia asincrónica (separación en tiempo y espacio, sin necesidad de conexión en horarios fijos).",CIENCIAS EXACTAS,Si,https://21.edu.ar/carreras-y-programas/licenciatura-en-ciencia-de-datos,Si,LIC. EN CIENCIA POLITICA Y DE GOBIERNO,BAHIA BLANCA,4,8,"Modalidad a distancia asincrónica (separación en tiempo y espacio, sin necesidad de conexión en horarios fijos).",CIENCIAS HUMANAS Y SOCIALES,Si,https://21.edu.ar/carreras-y-programas/licenciatura-en-ciencia-politica-y-gobierno,Si,LICENCIATURA EN COMERCIALIZACOIN,BAHIA BLANCA,4,8,"Modalidad a distancia asincrónica (separación en tiempo y espacio, sin necesidad de conexión en horarios fijos).",CIENCIAS HUMANAS Y SOCIALES,Si,https://21.edu.ar/carreras-y-programas/licenciatura-en-comercializacion-marketing,Si,https://21.edu.ar/
23/06/2026 9:06:01,UNIVERSIDAD EMPRESARIAL SIGLO 21,ALVARADO 328,BAHIA BLANCA,LIC. EN CRIMINOLOGIA Y SEGURIDAD,BAHIA BLANCA,4,8,"Modalidad a distancia asincrónica (separación en tiempo y espacio, sin necesidad de conexión en horarios fijos).",SEGURIDAD PÚBLICA,Si,https://21.edu.ar/carreras-y-programas/licenciatura-en-criminologia-y-seguridad,Si,LIC. EN DISEÑO Y ANIMACION DIGITAL,BAHIA BLANCA,4,8,"Modalidad a distancia asincrónica (separación en tiempo y espacio, sin necesidad de conexión en horarios fijos).",ARQUITECTURA Y DISEÑO,Si,https://21.edu.ar/carreras-y-programas/licenciatura-en-diseno-y-animacion-digital,Si,LIC. EN EDUCACION Y  NUEVAS TECNOLOGIAS,BAHIA BLANCA,4,8,"Modalidad a distancia asincrónica (separación en tiempo y espacio, sin necesidad de conexión en horarios fijos).",CIENCIAS HUMANAS Y SOCIALES,Si,https://21.edu.ar/carreras-y-programas/licenciatura-en-educacion-y-nuevas-tecnologias,Si,LIC. EN FINANZAS,BAHIA BLANCA,4,8,"Modalidad a distancia asincrónica (separación en tiempo y espacio, sin necesidad de conexión en horarios fijos).",CIENCIAS ECONÓMICAS Y ADMINISTRACIÓN,Si,https://21.edu.ar/carreras-y-programas/licenciatura-en-finanzas,Si,LIC. EN GESITON AMBIENTAL,BAHIA BLANCA,4,8,"Modalidad a distancia asincrónica (separación en tiempo y espacio, sin necesidad de conexión en horarios fijos).",CIENCIAS AMBIENTALES,Si,https://21.edu.ar/carreras-y-programas/licenciatura-en-gestion-ambiental,Si,LIC. EN GESTION DE LOS RECURSOS HUMANOS,BAHIA BLANCA,4,8,"Modalidad a distancia asincrónica (separación en tiempo y espacio, sin necesidad de conexión en horarios fijos).",CIENCIAS HUMANAS Y SOCIALES,Si,https://21.edu.ar/carreras-y-programas/licenciatura-en-gestion-de-recursos-humanos,Si,LIC. EN GESTION DEPORTIVA,BAHIA BLANCA,4,8,"Modalidad a distancia asincrónica (separación en tiempo y espacio, sin necesidad de conexión en horarios fijos).",CIENCIAS DE LA SALUD,Si,https://21.edu.ar/carreras-y-programas/licenciatura-en-gestion-deportiva,Si,LIC. EN GESTION TURISTICA,BAHIA BLANCA,4,8,"Modalidad a distancia asincrónica (separación en tiempo y espacio, sin necesidad de conexión en horarios fijos).",CIENCIAS HUMANAS Y SOCIALES,Si,https://21.edu.ar/carreras-y-programas/licenciatura-en-gestion-turistica,Si,LIC. EN HIDROCARBUROS Y GEOCIENCIA,BAHIA BLANCA,4,8,"Modalidad a distancia asincrónica (separación en tiempo y espacio, sin necesidad de conexión en horarios fijos).",CIENCIAS AMBIENTALES,Si,https://21.edu.ar/carreras-y-programas/licenciatura-en-hidrocarburos-y-geociencias,Si,LIC. EN HIGIENE SEGURIDAD Y MEDIO AMBIENTE DEL TRABAJO,BAHIA BLANCA,4,8,"Modalidad a distancia asincrónica (separación en tiempo y espacio, sin necesidad de conexión en horarios fijos).",CIENCIAS AMBIENTALES,Si,https://21.edu.ar/carreras-y-programas/licenciatura-en-higiene-seguridad-y-medio-ambiente-del-trabajo,Si,https://21.edu.ar/
23/06/2026 9:45:04,UNIVERSIDAD EMPRESARIAL SIGLO 21,ALVARADO 328,BAHIA BLANCA,LIC. EN INTELIGENCIA ARTIFICIAL Y ROBOTICA,BAHIA BLANCA,4,8,"Modalidad a distancia asincrónica (separación en tiempo y espacio, sin necesidad de conexión en horarios fijos).",SISTEMAS E INFORMÁTICA,Si,https://21.edu.ar/carreras-y-programas/licenciatura-en-inteligencia-artificial-y-robotica,Si,LIC. EN INTELIGENCIA DE NOGOCIOS DIGITALES,BAHIA BLANCA,4,8,"Modalidad a distancia asincrónica (separación en tiempo y espacio, sin necesidad de conexión en horarios fijos).",CIENCIAS ECONÓMICAS Y ADMINISTRACIÓN,Si,https://21.edu.ar/carreras-y-programas/licenciatura-en-inteligencia-de-negocios-digitales,Si,LIC. EN LOGISTICA GLOBAL,BAHIA BLANCA,4,8,"Modalidad a distancia asincrónica (separación en tiempo y espacio, sin necesidad de conexión en horarios fijos).",TECNOLÓGICAS,Si,https://21.edu.ar/carreras-y-programas/licenciatura-en-logistica-global,Si,LIC. EN MATEMATICAS,BAHIA BLANCA,4,8,"Modalidad a distancia asincrónica (separación en tiempo y espacio, sin necesidad de conexión en horarios fijos).",CIENCIAS EXACTAS,Si,https://21.edu.ar/carreras-y-programas/licenciatura-en-matematica,Si,LIC. EN PERIODISMO,BAHIA BLANCA,4,8,"Modalidad a distancia asincrónica (separación en tiempo y espacio, sin necesidad de conexión en horarios fijos).",CIENCIAS HUMANAS Y SOCIALES,Si,https://21.edu.ar/carreras-y-programas/licenciatura-en-periodismo,Si,LIC. EN PUBLICIDAD,BAHIA BLANCA,4,8,"Modalidad a distancia asincrónica (separación en tiempo y espacio, sin necesidad de conexión en horarios fijos).",CIENCIAS HUMANAS Y SOCIALES,Si,https://21.edu.ar/carreras-y-programas/licenciatura-en-publicidad,Si,LIC. EN RELACIONES INTERNACIONALES,BAHIA BLANCA,4,8,"Modalidad a distancia asincrónica (separación en tiempo y espacio, sin necesidad de conexión en horarios fijos).",CIENCIAS HUMANAS Y SOCIALES,Si,https://21.edu.ar/carreras-y-programas/licenciatura-en-relaciones-internacionales,Si,LIC. EN RELACIONES PUBLICAS E INSTITUCIONALES,BAHIA BLANCA,4,8,"Modalidad a distancia asincrónica (separación en tiempo y espacio, sin necesidad de conexión en horarios fijos).",CIENCIAS HUMANAS Y SOCIALES,Si,https://21.edu.ar/carreras-y-programas/licenciatura-en-relaciones-publicas-e-institucionales,Si,LIC. EN SEGURIDAD INFORMATICA,BAHIA BLANCA,4,8,"Modalidad a distancia asincrónica (separación en tiempo y espacio, sin necesidad de conexión en horarios fijos).",SISTEMAS E INFORMÁTICA,Si,https://21.edu.ar/carreras-y-programas/licenciatura-en-seguridad-informatica,Si,LIC. EN INFORMATICA,BAHIA BLANCA,5,10,"Modalidad a distancia asincrónica (separación en tiempo y espacio, sin necesidad de conexión en horarios fijos).",SISTEMAS E INFORMÁTICA,Si,https://21.edu.ar/carreras-y-programas/licenciatura-en-informatica,Si,https://21.edu.ar/
23/06/2026 10:12:59,INSTITUTO SUPERIOR JUAN 23,VIEYTES 286,BAHÍA BLANCA,PROFESORADO DE EDUCACIÓN SECUNDARIA EN PSICOLOGÍA. ,BAHÍA BLANCA,4 (CUATRO),8 (OCHO). ,Modalidad presencial (sin separación en tiempo y espacio).,CIENCIAS HUMANAS Y SOCIALES,Si,https://www.juan23.edu.ar/carreras/profesorado-en-psicologia/,Si,PROFESORADO DE EDUCACIÓN PRIMARIA. ,BAHÍA BLANCA,4 (CUATRO),8 (OCHO),Modalidad presencial (sin separación en tiempo y espacio).,CIENCIAS HUMANAS Y SOCIALES,Si,https://www.juan23.edu.ar/carreras/profesorado-en-educacion-primaria/,Si,-PROFESORADO DE INGLÉS. ,BAHÍA BLANCA,4 (CUATRO),8 (OCHO),Modalidad presencial (sin separación en tiempo y espacio).,CIENCIAS HUMANAS Y SOCIALES,Si,https://www.juan23.edu.ar/carreras/profesorado-de-ingles/,Si,PROFESORADO DE EDUCACIÓN SECUNDARIA EN MATEMÁTICA ,BAHÍA BLANCA,4 (CUATRO),8 (OCHO),Modalidad presencial (sin separación en tiempo y espacio).,CIENCIAS HUMANAS Y SOCIALES,No,https://www.juan23.edu.ar/carreras/profesorado-de-matematica/,Si,PROFESORADO DE EDUCACIÓN SECUNDARIA EN FILOSOFÍA. ,BAHÍA BLANCA,4 (CUATRO),8 (OCHO),Modalidad presencial (sin separación en tiempo y espacio).,CIENCIAS HUMANAS Y SOCIALES,No,https://www.juan23.edu.ar/carreras/profesorado-de-filosofia/  ,Si,TECNICATURA SUPERIOR EN PSICOPEDAGOGÍA,BAHÍA BLANCA,4 (CUATRO),8 (OCHO),Modalidad presencial (sin separación en tiempo y espacio).,CIENCIAS HUMANAS Y SOCIALES,Si,https://www.juan23.edu.ar/carreras/psicopedagogia/,Si,TECNICATURA SUPERIOR EN SUBASTAS Y CORRETAJE INMOBILIARIO,BAHÍA BLANCA,3 (TRES),6 (SEIS),Modalidad presencial (sin separación en tiempo y espacio).,CIENCIAS ECONÓMICAS Y ADMINISTRACIÓN,No,https://www.juan23.edu.ar/carreras/tecnicatura-superior-en-subastas-y-corretaje-inmobiliario/  ,Si,TECNICATURA SUPERIOR EN AUTOMATIZACIÓN Y CONTROL. ,BAHÍA BLANCA,3 (TRES),6 (SESIS),Modalidad presencial (sin separación en tiempo y espacio).,TECNOLÓGICAS,No,: https://www.juan23.edu.ar/carreras/tecnicatura-superior-en-automatizacion-y-control/,Si,TECNICATURA SUPERIOR EN ADMINISTRACIÓN FINANCIERA. ,BAHÍA BLANCA,3 (TRES),6 (SEIS),Modalidad presencial (sin separación en tiempo y espacio).,CIENCIAS ECONÓMICAS Y ADMINISTRACIÓN,Si,: https://www.juan23.edu.ar/carreras/tecnicatura-superior-en-administracion-financiera/,Si, TECNICATURA SUPERIOR EN ANÁLISIS DE SISTEMAS. ,BAHÍA BLANCA,3 (TRES),6 (SEIS),Modalidad presencial (sin separación en tiempo y espacio).,SISTEMAS E INFORMÁTICA,Si,: https://www.juan23.edu.ar/carreras/tecnicatura-superior-en-analisis-de-sistemas/,Si,www.juan23.edu.ar
23/06/2026 10:16:12,INSTITUTO SUPERIOR JUAN 23,VIEYTES 286,BAHÍA BLANCA,TECNICATURA SUPERIOR EN MARKETING,BAHÍA BLANCA,3 (AÑOS),6 (SEIS),Modalidad presencial (sin separación en tiempo y espacio).,CIENCIAS ECONÓMICAS Y ADMINISTRACIÓN,Si,https://www.juan23.edu.ar/carreras/tecnicatura-superior-en-marketing/,Si,TECNICATURA SUPERIOR EN GESTIÓN AMBIENTAL Y SALUD. ,BAHÍA BLANCA,3 (TRES),6 (SEIS),Modalidad presencial (sin separación en tiempo y espacio).,CIENCIAS AMBIENTALES,No,: https://www.juan23.edu.ar/carreras/tecnicatura-en-gestion-ambiental-y-salud/,"No, finalizar y enviar",,,,,,,,,,,,,,,,,,,,,,,,,,,,,,,,,,,,,,,,,,,,,,,,,,,,,,,,,,,,,,,,,,,,,,,,,www.juan23.edu.ar
23/06/2026 10:19:30,UNIVERSIDAD EMPRESARIAL SIGLO 21,ALVARADO 328,BAHIA BLANCA,TECNICATURA EN DIRECCION DE EQUIPOS DE VENTA,BAHIA BLANCA,2 AÑOS Y MEDIO,5,"Modalidad a distancia asincrónica (separación en tiempo y espacio, sin necesidad de conexión en horarios fijos).",CIENCIAS HUMANAS Y SOCIALES,Si,https://21.edu.ar/carreras-y-programas/tecnicatura-en-direccion-de-equipos-de-ventas,Si,"TECNICATURA EN PROTOCOLO, ORGANIZACION DE EVENTOS Y RELACIONES PUBLICAS",BAHIA BLANCA,2 AÑOS Y MEDIO,5,"Modalidad a distancia asincrónica (separación en tiempo y espacio, sin necesidad de conexión en horarios fijos).",CIENCIAS HUMANAS Y SOCIALES,Si,https://21.edu.ar/carreras-y-programas/tecnicatura-en-direccion-de-protocolo-organizacion-de-eventos-y-rrpp,Si,TECNICATURA EN GESTION CONTABLE E IMPOSITIVA,BAHIA BLANCA,2 AÑOS Y MEDIO,5,"Modalidad a distancia asincrónica (separación en tiempo y espacio, sin necesidad de conexión en horarios fijos).",CIENCIAS EXACTAS,Si,https://21.edu.ar/carreras-y-programas/tecnicatura-en-gestion-contable-e-impositiva,Si,TECNICATURA EN GESTION DE EMPRESAS FAMILIARES,BAHIA BLANCA,2 AÑOS Y MEDIO,5,"Modalidad a distancia asincrónica (separación en tiempo y espacio, sin necesidad de conexión en horarios fijos).",CIENCIAS ECONÓMICAS Y ADMINISTRACIÓN,Si,https://21.edu.ar/carreras-y-programas/tecnicatura-en-gestion-de-empresas-familiares,Si,TECNICATURA EN GESTION DE MODA,BAHIA BLANCA,2 AÑOS Y MEDIO,5,"Modalidad a distancia asincrónica (separación en tiempo y espacio, sin necesidad de conexión en horarios fijos).",ARQUITECTURA Y DISEÑO,Si,https://21.edu.ar/carreras-y-programas/tecnicatura-en-gestion-de-moda,Si,TECNICATURA EN HIGIENE Y SEGURIDAD LABORAL,BAHIA BLANCA,2 AÑOS Y MEDIO,5,"Modalidad a distancia asincrónica (separación en tiempo y espacio, sin necesidad de conexión en horarios fijos).",CIENCIAS AMBIENTALES,Si,https://21.edu.ar/carreras-y-programas/tecnicatura-en-higiene-y-seguridad-laboral,Si,TECNICATURA EN INVESTIGACION DE LA ESCENA DEL CRIMEN,BAHIA BLANCA,2 AÑOS Y MEDIO,5,"Modalidad a distancia asincrónica (separación en tiempo y espacio, sin necesidad de conexión en horarios fijos).",CIENCIAS HUMANAS Y SOCIALES,Si,https://21.edu.ar/carreras-y-programas/tecnicatura-en-investigacion-de-la-escena-del-crimen,Si,TECNICATURA EN RELACIONES LABORALES,BAHIA BLANCA,2 AÑOS Y MEDIO,5,"Modalidad a distancia asincrónica (separación en tiempo y espacio, sin necesidad de conexión en horarios fijos).",CIENCIAS HUMANAS Y SOCIALES,Si,https://21.edu.ar/carreras-y-programas/tecnicatura-en-relaciones-laborales,Si,TEC. UNIVERSITARIA EN ADMINISTRACION Y GESTION DE POLITICAS PUBLICAS,BAHIA BLANCA,2 AÑOS Y MEDIO,5,"Modalidad a distancia asincrónica (separación en tiempo y espacio, sin necesidad de conexión en horarios fijos).",CIENCIAS HUMANAS Y SOCIALES,Si,https://21.edu.ar/carreras-y-programas/tecnicatura-universitaria-en-administracion-publica-y-gestion-de-politicas-publicas,Si,TEC. UNIVERSITARIA EN DISEÑO Y ANIMACION DIGITAL,BAHIA BLANCA,2 AÑOS Y MEDIO,5,"Modalidad a distancia asincrónica (separación en tiempo y espacio, sin necesidad de conexión en horarios fijos).",TECNOLÓGICAS,Si,https://21.edu.ar/carreras-y-programas/tecnicatura-universitaria-en-diseno-y-animacion-digital,Si,https://21.edu.ar/
23/06/2026 10:56:23,UNIVERSIDAD SIGLO 21,ALVARADO 328,BAHIA BLANCA,TEC. UNIVERSITARIA EN GESTION ADMINISTRATIVA DE SERVICIOS DE SALUD,BAHIA BLANCA, 2 AÑOS Y MEDIO,5,"Modalidad a distancia asincrónica (separación en tiempo y espacio, sin necesidad de conexión en horarios fijos).",CIENCIAS ECONÓMICAS Y ADMINISTRACIÓN,Si,https://21.edu.ar/carreras-y-programas/tecnicatura-universitaria-en-gestion-administrativa-de-servicios-de-salud,Si,TEC. UNIVERSITARIA EN GESTION DE RECURSOS TURISTICOS,BAHIA BLANCA,2 AÑOS Y MEDIO,5,"Modalidad a distancia asincrónica (separación en tiempo y espacio, sin necesidad de conexión en horarios fijos).",CIENCIAS HUMANAS Y SOCIALES,Si,https://21.edu.ar/carreras-y-programas/tecnicatura-universitaria-en-gestion-de-recursos-turisticos,Si,TEC. EN GESTION Y AUDITORIAS AMBIENTALES,bahia blanca,2 añosy medio,5,"Modalidad a distancia asincrónica (separación en tiempo y espacio, sin necesidad de conexión en horarios fijos).",CIENCIAS AMBIENTALES,Si,https://21.edu.ar/carreras-y-programas/tecnicatura-en-gestion-y-auditorias-ambientales,Si,"TEC. UNIV, EN HIDROCARBUROS Y GEOCIENCIA",BAHIA BLANCA,2 AÑOS Y MEDIO,5,"Modalidad a distancia asincrónica (separación en tiempo y espacio, sin necesidad de conexión en horarios fijos).",CIENCIAS AMBIENTALES,Si,https://21.edu.ar/carreras-y-programas/tecnicatura-en-hidrocarburos-y-geociencia,Si,TECNICATURA UNIVERSITARIA EN MARKETING Y PUBLICIDAD DIGITAL,BAHIA BLANCA,2 AÑOS Y MEDIO,5,"Modalidad a distancia asincrónica (separación en tiempo y espacio, sin necesidad de conexión en horarios fijos).",SISTEMAS E INFORMÁTICA,Si,https://21.edu.ar/carreras-y-programas/tecnicatura-universitaria-en-marketing-y-publicidad-digital,Si,TECNICATURA EN PROMOCION COMUNITARIA EN NIÑEZ Y ADOLESCENCIA,BAHIA BLANCA,2 AÑOS Y MEDIO,5,"Modalidad a distancia asincrónica (separación en tiempo y espacio, sin necesidad de conexión en horarios fijos).",CIENCIAS HUMANAS Y SOCIALES,Si,https://21.edu.ar/carreras-y-programas/tecnicatura-universitaria-en-promoci%C3%B3n-comunitaria-en-ni%C3%B1ez-y-adolescencia,Si,TECNICATURA EN REDES INFORMATICAS Y TELECOMUNICACIONES,BAHIA BLANCA,2 AÑOS Y MEDIO,5,"Modalidad a distancia asincrónica (separación en tiempo y espacio, sin necesidad de conexión en horarios fijos).",SISTEMAS E INFORMÁTICA,Si,https://21.edu.ar/carreras-y-programas/tecnicatura-universitaria-en-redes-informaticas-y-telecomunicaciones,Si,"TEC. UNIV, EN DISEÑO Y DESARROLLO DE VIDEOJUEGOS",BAHIA BLANCA,2 AÑOS Y MEDIO ,5,"Modalidad a distancia asincrónica (separación en tiempo y espacio, sin necesidad de conexión en horarios fijos).",TECNOLÓGICAS,Si,https://21.edu.ar/carreras-y-programas/tecnicatura-universitaria-en-diseno-y-desarrollo-de-videojuegos,Si,ESCRIBANIA,BAHIA BLANCA,2 AÑOS Y MEDIO,5,"Modalidad a distancia asincrónica (separación en tiempo y espacio, sin necesidad de conexión en horarios fijos).",CIENCIAS EXACTAS,Si,https://21.edu.ar/carreras-y-programas/escribania,Si,LICENCIATURA EN EDUCACION,BAHIA BLANCA,2 AÑOSY MEDIO ,5,"Modalidad a distancia asincrónica (separación en tiempo y espacio, sin necesidad de conexión en horarios fijos).",CIENCIAS HUMANAS Y SOCIALES,Si,https://21.edu.ar/carreras-y-programas/licenciatura-en-educacion,Si,https://21.edu.ar/
23/06/2026 11:02:35,UNIVERSIDAD SIGLO 21,ALVARADO 338,BAHIA BLANCA,PROFESORADO UNIVERSITARIO PARA EL NIVEL SECUNDARIO Y SUPERIOR,BAHIA BLANCA,2 AÑOS Y MEDIO,5,"Modalidad a distancia asincrónica (separación en tiempo y espacio, sin necesidad de conexión en horarios fijos).",CIENCIAS HUMANAS Y SOCIALES,Si,https://21.edu.ar/carreras-y-programas/profesorado-universitario-para-el-nivel-secundario-y-superior,Si,LIC EN DESARROLLOS Y NEGOCIOS INMOBILIARIOS,BAHIA BLANCA,2 AÑOS Y MEDIO,5,"Modalidad a distancia asincrónica (separación en tiempo y espacio, sin necesidad de conexión en horarios fijos).",CIENCIAS ECONÓMICAS Y ADMINISTRACIÓN,Si,https://21.edu.ar/carreras-y-programas/licenciatura-en-desarrollo-de-negocios-inmobiliarios,Si,LIC. EM ADMINISTRACION DE SERVICIOS DE SALUD,BAHIA BLANCA,2 AÑOS ,4,"Modalidad a distancia asincrónica (separación en tiempo y espacio, sin necesidad de conexión en horarios fijos).",CIENCIAS DE LA SALUD,Si,https://21.edu.ar/carreras-y-programas/licenciatura-en-administracion-de-servicios-de-salud,Si,LIC EN PSICOPEDAGOGIA,BAHIA BLANCA,2 AÑOS,4,"Modalidad a distancia asincrónica (separación en tiempo y espacio, sin necesidad de conexión en horarios fijos).",CIENCIAS DE LA SALUD,Si,https://21.edu.ar/carreras-y-programas/licenciatura-en-psicopedagogia-ccc,"No, finalizar y enviar",,,,,,,,,,,,,,,,,,,,,,,,,,,,,,,,,,,,,,,,,,,,,,,,,,,,,,,https://21.edu.ar/
23/06/2026 11:22:46,INSTITUTO TECNICO SUPERIOR,ALVARADO 328,BAHIA BLANCA,CARRERA DE PROGRAMACION,BAHIA BLANCA,2 AÑOS,4,"Modalidad a distancia asincrónica (separación en tiempo y espacio, sin necesidad de conexión en horarios fijos).",TECNOLÓGICAS,Si,https://teclab.edu.ar/carrera/tecnico-superior-en-programacion/,Si,CARRERA DE DATA SCIENCE,BAHIA BLANCA,2 AÑOS ,4,"Modalidad a distancia asincrónica (separación en tiempo y espacio, sin necesidad de conexión en horarios fijos).",TECNOLÓGICAS,Si,https://teclab.edu.ar/carrera/carrera-de-data-science/,Si,CARRERA DE QUALITY ASSURENCE,BAHIA BLANCA,2 AÑOS,4,"Modalidad a distancia asincrónica (separación en tiempo y espacio, sin necesidad de conexión en horarios fijos).",SISTEMAS E INFORMÁTICA,Si,https://teclab.edu.ar/carrera/tecnico-superior-en-quality-assurance/,Si,CARRERA DE CLOUD ADMINISTRATION,bahia blanca,2 AÑOS ,4,"Modalidad a distancia asincrónica (separación en tiempo y espacio, sin necesidad de conexión en horarios fijos).",SISTEMAS E INFORMÁTICA,Si,https://teclab.edu.ar/carrera/tecnico-en-cloud-administration/,Si,Carrera de Seguridad Informática,BAHIA BLANCA,2 AÑOS ,4,"Modalidad a distancia asincrónica (separación en tiempo y espacio, sin necesidad de conexión en horarios fijos).",SISTEMAS E INFORMÁTICA,Si,https://teclab.edu.ar/carrera/tecnico-en-seguridad-informatica/,Si,Carrera de Redes Informáticas,BAHIA BLANCA,2 AÑOS,4,"Modalidad a distancia asincrónica (separación en tiempo y espacio, sin necesidad de conexión en horarios fijos).",SISTEMAS E INFORMÁTICA,Si,https://teclab.edu.ar/carrera/tecnico-superior-en-redes-informaticas/,Si,Carrera de Relaciones Laborales,BAHIA BLANCA,2 AÑOS ,4,"Modalidad a distancia asincrónica (separación en tiempo y espacio, sin necesidad de conexión en horarios fijos).",SISTEMAS E INFORMÁTICA,Si,https://teclab.edu.ar/carrera/tecnico-superior-en-relaciones-laborales/,Si,Carrera de Customer Experience,BAHIA BLANCA ,2 AÑOS,4,"Modalidad a distancia asincrónica (separación en tiempo y espacio, sin necesidad de conexión en horarios fijos).",SISTEMAS E INFORMÁTICA,Si,https://teclab.edu.ar/carrera/tecnico-superior-en-customer-experience/,Si,Carrera de Seguros,BAHIA BLANCA,2 AÑOS,4,"Modalidad a distancia asincrónica (separación en tiempo y espacio, sin necesidad de conexión en horarios fijos).",SISTEMAS E INFORMÁTICA,Si,https://teclab.edu.ar/carrera/tecnico-superior-en-seguros/,Si,Carrera de Inbound Marketing,BAHIA BLANCA,2 AÑOS,4,"Modalidad a distancia asincrónica (separación en tiempo y espacio, sin necesidad de conexión en horarios fijos).",SISTEMAS E INFORMÁTICA,Si,https://teclab.edu.ar/carrera/tecnico-superior-en-inbound-marketing/,Si,https://teclab.edu.ar/
23/06/2026 11:40:29,INSTITUTO TECNOLOGICO SUPERIOR,ALVARADO 328,BAHIA BLANCA,Carrera de Gestión Contable,BAHIA BLANCA,2 AÑOS,4,"Modalidad a distancia asincrónica (separación en tiempo y espacio, sin necesidad de conexión en horarios fijos).",SISTEMAS E INFORMÁTICA,Si,https://teclab.edu.ar/carrera/tecnico-superior-en-gestion-contable/,Si,Carrera de Periodismo y Nuevas Tecnologías,bahia blanca,2 años y medio,4,"Modalidad a distancia asincrónica (separación en tiempo y espacio, sin necesidad de conexión en horarios fijos).",SISTEMAS E INFORMÁTICA,Si,https://teclab.edu.ar/carrera/tecnico-superior-en-periodismo-y-nuevas-tecnologias/,Si,Carrera de Gestión Hotelera,BAHIA BLANCA,2 AÑOS ,4,"Modalidad a distancia asincrónica (separación en tiempo y espacio, sin necesidad de conexión en horarios fijos).",CIENCIAS ECONÓMICAS Y ADMINISTRACIÓN,Si,https://teclab.edu.ar/carrera/tecnico-superior-en-gestion-hotelera/,Si,Carrera de Marketing Digital,BAHIA BLANCA,2 AÑOS,4,"Modalidad a distancia asincrónica (separación en tiempo y espacio, sin necesidad de conexión en horarios fijos).",SISTEMAS E INFORMÁTICA,Si,https://teclab.edu.ar/carrera/tecnico-superior-en-marketing-digital/,Si,Carrera de Gestión Agraria,BAHIA BLANCA,2 AÑOS,4,"Modalidad a distancia asincrónica (separación en tiempo y espacio, sin necesidad de conexión en horarios fijos).",CIENCIAS ECONÓMICAS Y ADMINISTRACIÓN,Si,https://teclab.edu.ar/carrera/tecnico-superior-gestion-empresa-agraria/,Si,Carrera de Planificación y Organización de Eventos,BAHIA BLANCA,2 AÑOS Y MEDIO,4,"Modalidad a distancia asincrónica (separación en tiempo y espacio, sin necesidad de conexión en horarios fijos).",CIENCIAS ECONÓMICAS Y ADMINISTRACIÓN,Si,https://teclab.edu.ar/carrera/tecnico-superior-en-planificacion-y-organizacion-de-eventos/,"No, finalizar y enviar",,,,,,,,,,,,,,,,,,,,,,,,,,,,,,,,,,,,,https://teclab.edu.ar/
23/06/2026 12:22:02,UCALP,BROWN 474,BAHIA BLANCA,LICENCIATURA EN KINESIOLOGÍA Y FISIATRÍA,BAHÍA BLANCA,5,10,Modalidad presencial (sin separación en tiempo y espacio).,CIENCIAS DE LA SALUD,Si,https://www.ucalp.edu.ar/carrera/licenciatura-en-kinesiologia-y-fisiatria/,Si,LICENCIATURA EN NUTRICIÓN,BAHÍA BLANCA,4,8,Modalidad presencial (sin separación en tiempo y espacio).,CIENCIAS DE LA SALUD,Si,https://www.ucalp.edu.ar/carrera/licenciatura-en-nutricion/,Si,LICENCIATURA EN TERAPIA OCUPACIONAL,BAHÍA BLANCA,4,8,Modalidad presencial (sin separación en tiempo y espacio).,CIENCIAS DE LA SALUD,Si,https://www.ucalp.edu.ar/carrera/licenciatura-en-terapia-ocupacional/,Si,LICENCIATURA EN FONOAUDIOLOGÍA,BAHÍA BLANCA,4,8,Modalidad presencial (sin separación en tiempo y espacio).,CIENCIAS DE LA SALUD,Si,https://www.ucalp.edu.ar/carrera/lic-en-fonoaudiologia/,Si,LICENCIATURA EN CRIMINALÍSTICA,BAHÍA BLANCA,4,8,Modalidad presencial (sin separación en tiempo y espacio).,SEGURIDAD PÚBLICA,Si,https://www.ucalp.edu.ar/carrera/criminalistica/,"No, finalizar y enviar",,,,,,,,,,,,,,,,,,,,,,,,,,,,,,,,,,,,,,,,,,,,,,https://www.ucalp.edu.ar/sede/bahia-blanca/
24/06/2026 9:03:24,UNISAL,GORRITI 1249,BAHIA BLANCA ,ABOGACÍA ,BAHÍA BLANCA ,5 AÑOS,10,Modalidad presencial (sin separación en tiempo y espacio).,CIENCIAS HUMANAS Y SOCIALES,Si,https://www.unisal.edu.ar/carreras/abogacia/,Si,LICENCIATURA EN PSICOLOGÍA ,BAHIA BLANCA ,5 AÑOS,10,Modalidad presencial (sin separación en tiempo y espacio).,CIENCIAS HUMANAS Y SOCIALES,Si,https://www.unisal.edu.ar/carreras/licenciatura-en-psicologia/,Si,LICENCIATURA EN COMUNICACIÓN ,BAHÍA BLANCA ,5 AÑOS,10,Modalidad presencial (sin separación en tiempo y espacio).,CIENCIAS HUMANAS Y SOCIALES,Si,https://www.unisal.edu.ar/ciencias-sociales/,Si,TECNICATURA UNIVERSITARIA EN COMUNICACIÓN DIGITAL,BAHÍA BLANCA,3 AÑOS,6,Modalidad presencial (sin separación en tiempo y espacio).,CIENCIAS HUMANAS Y SOCIALES,Si,https://www.unisal.edu.ar/ciencias-sociales/,Si,LICENCIATURA EN EDUCACIÓN CICLO DE COMPLEMENTACIÓN CURRICULAR,BAHIA BLANCA,3 CUATRIMESTRES,3,"Modalidad a distancia sincrónica (separación de espacio, con clases en días y horarios establecidos).",CIENCIAS HUMANAS Y SOCIALES,Si,https://www.unisal.edu.ar/distancia/,Si,LICENCIATURA EN PSICOPEDAGOGÍA CICLO DE COMPLEMENTACIÓN CURRICULAR,BAHÍA BLANCA,3 CUATRIMESTRES,3 CUATRIMESTRES,"Modalidad a distancia sincrónica (separación de espacio, con clases en días y horarios establecidos).",CIENCIAS HUMANAS Y SOCIALES,Si,https://www.unisal.edu.ar/distancia/,Si,LICENCIATURA EN TRABAJO SOCIAL CICLO DE COMPLEMENTACIÓN CURRICULAR,BAHÍA BLANCA,3 CUATRIMESTRES,3,"Modalidad a distancia sincrónica (separación de espacio, con clases en días y horarios establecidos).",CIENCIAS HUMANAS Y SOCIALES,Si,https://www.unisal.edu.ar/distancia/,"No, finalizar y enviar",,,,,,,,,,,,,,,,,,,,,,,,,,,,www.unisal.edu.ar
24/06/2026 19:15:51,DEPARTAMENTO DE CIENCIAS E INGENIERIA DE LA COMPUTACION ,SAN ANDRES 800 - CAMPUS PALIHUE,BAHIA BLANCA,INGENIERIA EN COMPUTACION,BAHIA BLANCA,5,10,Modalidad presencial (sin separación en tiempo y espacio).,SISTEMAS E INFORMÁTICA,No,https://cs.uns.edu.ar/~mll/web/mic/index.html,Si,LICENCIATURA EN CIENCIAS DE LA COMPUTACION,BAHIA BLANCA,5,10,Modalidad presencial (sin separación en tiempo y espacio).,SISTEMAS E INFORMÁTICA,No,https://cs.uns.edu.ar/~mll/web/mic/index.html,Si,INGENIERIA EN SISTEMAS DE INFORMACION,BAHIA BLANCA,5,10,Modalidad presencial (sin separación en tiempo y espacio).,SISTEMAS E INFORMÁTICA,No,https://cs.uns.edu.ar/~mll/web/mic/index.html,Si,TECNICATURA UNIVERSITARIA EN PROGRAMACION WEB Y MOVIL,BAHIA BLANCA,2 Y MEDIO,5,Modalidad presencial (sin separación en tiempo y espacio).,SISTEMAS E INFORMÁTICA,No,https://cs.uns.edu.ar/~mll/web/mic/index.html,"No, finalizar y enviar",,,,,,,,,,,,,,,,,,,,,,,,,,,,,,,,,,,,,,,,,,,,,,,,,,,,,,,https://cs.uns.edu.ar/~devcs/
28/06/2026 20:27:29,ISFD N3,Moreno 94,BAHÍA BLANCA,PROFESORADO DE EDUCACIÓN INICIAL,BAHIA BLANCA,4 años,8,Modalidad presencial (sin separación en tiempo y espacio).,CIENCIAS HUMANAS Y SOCIALES,No,isfd3-bue.infd.edu.a,Si,PROFESORADO DE EDUCACIÓN PRIMARIA,BAHÍA BLANCA,4 AÑOS,8,Modalidad presencial (sin separación en tiempo y espacio).,CIENCIAS HUMANAS Y SOCIALES,No,isfd3-bue.infd.edu.a,Si,PROFESORADO DE EDUCACIÓN ESPECIAL,BAHIA BLANCA,4,8,Modalidad presencial (sin separación en tiempo y espacio).,CIENCIAS HUMANAS Y SOCIALES,No,isfd3-bue.infd.edu.ar,Si,PROFESORADO DE EDUCACIÓN SECUNDARIA EN BIOLOGÍA,BAHÍA BLANCA,4,8,Modalidad presencial (sin separación en tiempo y espacio).,CIENCIAS HUMANAS Y SOCIALES,No,isfd3-bue.infd.edu.ar,Si,PROFESORADO DE EDUCACIÓN SECUNDARIA EN CIENCIA POLÍTICA,BAHÍA BLANCA,4,8,Modalidad presencial (sin separación en tiempo y espacio).,CIENCIAS HUMANAS Y SOCIALES,No,isfd3-bue.infd.edu.ar,Si,PROFESORADO DE EDUCACIÓN SECUNDARIA EN HISTOIRA,BAHÍA BLANCA,4,8,Modalidad presencial (sin separación en tiempo y espacio).,CIENCIAS HUMANAS Y SOCIALES,No,isfd3-bue.infd.edu.ar,Si,PROFESORADO DE EDUCACIÓN EN INGLÉS,BAHÍA BLANCA,4,8,Modalidad presencial (sin separación en tiempo y espacio).,CIENCIAS HUMANAS Y SOCIALES,No,isfd3-bue.infd.edu.ar,Si,PROFESORADO DE EDUCACIÓN SECUNDARIA EN LENGUA Y LITERATURA,BAHÍA BLANCA,4,8,Modalidad presencial (sin separación en tiempo y espacio).,CIENCIAS HUMANAS Y SOCIALES,No,isfd3-bue.infd.edu.ar,Si,PROFESORADO DE EDUCACIÓN SECUNDARIA EN MATEMÁTICA,BAHÍA BLANCA,4,8,Modalidad presencial (sin separación en tiempo y espacio).,CIENCIAS HUMANAS Y SOCIALES,No,isfd3-bue.infd.edu.ar,"No, finalizar y enviar",,,,,,,,,,isfd3-bue.infd.edu.ar
29/06/2026 9:31:13,DEPARTAMENTO DE QUÍMICA-UNIVERSIDAD NACIONAL DEL SUR,AV. ALEM 1253,BAHÍA BLANCA,LICENCIATURA EN CIENCIAS AMBIENTALES,BAHÍA BLANCA,5,10,Modalidad presencial (sin separación en tiempo y espacio).,CIENCIAS AMBIENTALES,No,https://sites.google.com/view/quimica-muestradecarreras/inicio,Si,LICENCIATURA EN QUÍMICA,BAHÍA BLANCA,5,10,Modalidad presencial (sin separación en tiempo y espacio).,CIENCIAS EXACTAS,No,https://sites.google.com/view/quimica-muestradecarreras/inicio,Si,PROFESORADO EN QUÍMICA,BAHÍA BLANCA,5,10,Modalidad presencial (sin separación en tiempo y espacio).,CIENCIAS EXACTAS,No,https://sites.google.com/view/quimica-muestradecarreras/inicio,"No, finalizar y enviar",,,,,,,,,,,,,,,,,,,,,,,,,,,,,,,,,,,,,,,,,,,,,,,,,,,,,,,,,,,,,,,,https://www.quimica.uns.edu.ar/
29/06/2026 14:08:26,DEPARTAMENTO DE FÍSICA - UNS,ALEM 1253,BAHÍA BLANCA,LICENCIATURA EN FÍSICA,BAHÍA BLANCA,5,10,Modalidad presencial (sin separación en tiempo y espacio).,CIENCIAS EXACTAS,No,https://fisica.uns.edu.ar/academico-carreras-de-grado,Si,PROFESORADO EN FÍSICA,BAHÍA BLANCA,4,8,Modalidad presencial (sin separación en tiempo y espacio).,CIENCIAS EXACTAS,No,https://fisica.uns.edu.ar/academico-carreras-de-grado,Si,TECNICATURA UNIVERSITARIA EN ÓPTICA,BAHÍA BLANCA,3,6,Modalidad presencial (sin separación en tiempo y espacio).,CIENCIAS EXACTAS,No,https://fisica.uns.edu.ar/academico-carreras-de-grado,Si,LICENCIATURA EN ÓPTICA Y CONTACTOLOGÍA,BAHÍA BLANCA,4,8,Modalidad presencial (sin separación en tiempo y espacio).,CIENCIAS DE LA SALUD,No,https://fisica.uns.edu.ar/academico-carreras-de-grado,Si,LICENCIATURA EN GEOFÍSICA,BAHÍA BLANCA,5,10,Modalidad presencial (sin separación en tiempo y espacio).,CIENCIAS EXACTAS,No,https://fisica.uns.edu.ar/academico-carreras-de-grado,"No, finalizar y enviar",,,,,,,,,,,,,,,,,,,,,,,,,,,,,,,,,,,,,,,,,,,,,,https://fisica.uns.edu.ar/
30/06/2026 9:59:43,DEPARTAMENTO DE MATEMÁTICA,ALEM 1253,BAHÍA BLANCA,PROFESORADO EN MATEMÁTICA,BAHÍA BLANCA,4,8,Modalidad presencial (sin separación en tiempo y espacio).,CIENCIAS EXACTAS,No,https://www.matematica.uns.edu.ar/pm,Si,LICENCIATURA EN MATEMÁTICA APLICADA,BAHÍA BL;ANCA,5,10,Modalidad presencial (sin separación en tiempo y espacio).,CIENCIAS EXACTAS,No,https://www.matematica.uns.edu.ar/lma,Si,lICENCIATURA EN MATEMÁTICA,BAHÍA BLANCA,5,10,Modalidad presencial (sin separación en tiempo y espacio).,CIENCIAS EXACTAS,No,https://www.matematica.uns.edu.ar/lm,"No, finalizar y enviar",,,,,,,,,,,,,,,,,,,,,,,,,,,,,,,,,,,,,,,,,,,,,,,,,,,,,,,,,,,,,,,,https://www.matematica.uns.edu.ar/default.php
1/07/2026 6:37:53,ESCUELA DE TEATRO,GENERAL PAZ 250,BAHIA BLANCA,PROFESORADO DE TEATRO,BAHIA BLANCA,5 AÑOS,MATERIAS ANUALES,Modalidad presencial (sin separación en tiempo y espacio).,ARTES,No,https://etbblanca-bue.infd.edu.ar/sitio/,Si,TECNICATURA EN ACTUACIÓN,BAHIA BLANCA,4,MATERIAS ANUALES,Modalidad presencial (sin separación en tiempo y espacio).,ARTES,No,https://etbblanca-bue.infd.edu.ar/sitio/,Si,TECNICATURA EN DISEÑO Y PRODUCCIÓN DE ESPECTACULOS,BAHIA BLANCA,4 AÑOS,ANUALES,Modalidad presencial (sin separación en tiempo y espacio).,ARTES,No,https://etbblanca-bue.infd.edu.ar/sitio/,Si,TECNICATURA EN ESCENOGRAFIA,BAHIA BLANCA,4,ANUALES,Modalidad presencial (sin separación en tiempo y espacio).,ARTES,No,https://etbblanca-bue.infd.edu.ar/sitio/,Si,TECNICATURA EN MAQUILLAJE,BAHIA BLANCA,3,ANUALES,Modalidad presencial (sin separación en tiempo y espacio).,ARTES,No,https://etbblanca-bue.infd.edu.ar/sitio/,Si,TECNCATURA EN ILUMINACIÓN,BAHIA BLANCA,3,ANUALES,Modalidad presencial (sin separación en tiempo y espacio).,ARTES,No,https://etbblanca-bue.infd.edu.ar/sitio/,Si,TEATRO ADOLESCENTES,BAHIA BLANCA,3,ANUALES,Modalidad presencial (sin separación en tiempo y espacio).,ARTES,No,https://etbblanca-bue.infd.edu.ar/sitio/,"No, finalizar y enviar",,,,,,,,,,,,,,,,,,,,,,,,,,,,https://etbblanca-bue.infd.edu.ar/sitio/
1/07/2026 9:43:20,Departamento de Ingeniería Química Universidad Nacional del Sur,ALEM 1253 CUERPO C´,BAHIA BLANCA,iNGENIERÍA QUÍMICA,BAHIA BLANCA,5,10,Modalidad presencial (sin separación en tiempo y espacio).,CIENCIAS EXACTAS,No,https://linktr.ee/InfoDIQ,Si,iNGENIERIA EN ALIMENTOS,BAHIA BLANCA,5,10,Modalidad presencial (sin separación en tiempo y espacio).,CIENCIAS EXACTAS,No,https://linktr.ee/InfoDIQ,Si,TECNICATURA UNIVERSITARIA EN OPERACIONES INDUSTRIALES ,BAHIA BLANCA,3,6,Modalidad presencial (sin separación en tiempo y espacio).,TECNOLÓGICAS,No,https://linktr.ee/InfoDIQ,Si,TECNICATURA UNIVERSITARIA EN PETROLEO Y GAS,BAHIA BLANCA,3,6,Modalidad híbrida (combina presencialidad y a distancia sincrónica).,TECNOLÓGICAS,No,https://linktr.ee/InfoDIQ,"No, finalizar y enviar",,,,,,,,,,,,,,,,,,,,,,,,,,,,,,,,,,,,,,,,,,,,,,,,,,,,,,,http://www.diq.uns.edu.ar/WebIQ/index.htm
1/07/2026 16:26:31,UN del Sur // Departamento de Ingeniería Eléctrica y de Computadoras,Av. Alem 1253,Bahía Blanca,Ingeniería Electrónica,Bahía Blanca,5 (cinco),10 (diez),Modalidad presencial (sin separación en tiempo y espacio).,TECNOLÓGICAS,No,https://www.diec.uns.edu.ar/qr-electronica,Si,Ingeniería Electricista,Bahía Blanca,5 (cinco),10 (diez),Modalidad presencial (sin separación en tiempo y espacio).,TECNOLÓGICAS,No,https://www.diec.uns.edu.ar/qr-electricista,Si,Tecnicatura en Sistemas Electrónicos Industriales Inteligentes,Bahía Blanca,3 (tres),6 (seis),Modalidad presencial (sin separación en tiempo y espacio).,TECNOLÓGICAS,No,https://www.diec.uns.edu.ar/qr-tuseii,Si,Ingeniería en Telecomunicaciones,Bahía Blanca,5 (cinco),10 (diez),Modalidad presencial (sin separación en tiempo y espacio).,TECNOLÓGICAS,No,https://www.diec.uns.edu.ar/qr-telecomunicaciones,"No, finalizar y enviar",,,,,,,,,,,,,,,,,,,,,,,,,,,,,,,,,,,,,,,,,,,,,,,,,,,,,,,www.diec.uns.edu.ar
1/07/2026 18:05:21,Universitad Tecnológica Nacional Facultad Regional Bahía Blanca,11 de Abril 463,Bahía Blanca,Ingeniería Civil,Bahia Blanca,5,10,Modalidad presencial (sin separación en tiempo y espacio).,CIENCIAS EXACTAS,No,https://muestravirtual.frbb.utn.edu.ar/,Si,Ingeniería Mecánica ,Bahía Blanca,5,10,Modalidad presencial (sin separación en tiempo y espacio).,CIENCIAS EXACTAS,No,https://muestravirtual.frbb.utn.edu.ar/,Si,Ingeniería Eléctrica,Bahía Blanca,5,10,Modalidad presencial (sin separación en tiempo y espacio).,CIENCIAS EXACTAS,No,https://muestravirtual.frbb.utn.edu.ar/,Si,Ingeniería Electrónica,Bahía Blanca,6,11,Modalidad presencial (sin separación en tiempo y espacio).,CIENCIAS EXACTAS,No,https://muestravirtual.frbb.utn.edu.ar/,Si,Licenciatura en Organización Industrial,Bahía Blanca,4,8,Modalidad presencial (sin separación en tiempo y espacio).,CIENCIAS ECONÓMICAS Y ADMINISTRACIÓN,No,https://muestravirtual.frbb.utn.edu.ar/,Si,Tecnicatura Universitaria en Programación,Bahía Blanca,2,4,Modalidad presencial (sin separación en tiempo y espacio).,SISTEMAS E INFORMÁTICA,Si,https://muestravirtual.frbb.utn.edu.ar/,Si,Tecnicatura Universitaria en Radilogía,Bahía Blanca,2,4,Modalidad presencial (sin separación en tiempo y espacio).,CIENCIAS DE LA SALUD,Si,https://muestravirtual.frbb.utn.edu.ar/,"No, finalizar y enviar",,,,,,,,,,,,,,,,,,,,,,,,,,,,www.frbb.utn.edu.ar
2/07/2026 10:27:59,DEPARTAMENTO DE CIENCIAS DE LA SALUD,FLORIDA 1450,BAHÍA BLANCA,MEDICINA,BAHÍA BLANCA,6,12,Modalidad presencial (sin separación en tiempo y espacio).,CIENCIAS DE LA SALUD,No,https://cienciasdelasalud.uns.edu.ar/quiero-estudiar-en-dcs/medicina/,Si,LICENCIATURA EN ENFERMERÍA,BAHÍA BLANCA,5,10,Modalidad híbrida (combina presencialidad y a distancia sincrónica).,CIENCIAS DE LA SALUD,No,https://cienciasdelasalud.uns.edu.ar/inicio/soy-estudiante-2/lic-enfermeria/,Si,LICENCIATURA EN OBSTETRICIA,BAHÍA BLANCA,5,10,Modalidad presencial (sin separación en tiempo y espacio).,CIENCIAS DE LA SALUD,No,https://cienciasdelasalud.uns.edu.ar/inicio/soy-estudiante-2/lic-obstetricia/,Si,TECNICATURA EN ACOMPAÑAMIENTO TERAPÉUTICO,BAHÍA BLANCA,3,6,Modalidad presencial (sin separación en tiempo y espacio).,CIENCIAS DE LA SALUD,No,https://cienciasdelasalud.uns.edu.ar/quiero-estudiar-en-dcs/tecnicatura-universitaria-en-acompanamiento-terapeutico/,"No, finalizar y enviar",,,,,,,,,,,,,,,,,,,,,,,,,,,,,,,,,,,,,,,,,,,,,,,,,,,,,,,https://cienciasdelasalud.uns.edu.ar/
2/07/2026 10:56:08,cfp402,NECOCHEA1015,BAHIA BLANCA,Gastronomia,Bahia blanca,cuatrimestral/anual,1/2,Modalidad presencial (sin separación en tiempo y espacio).,CIENCIAS NATURALES,No,cfp402_bblanca,Si,Industria alimentaria,BAHIA BLANCA,cuatrimestral/anual,1/2,Modalidad presencial (sin separación en tiempo y espacio).,CIENCIAS NATURALES,No,cfp402_bblanca,Si,Salud,BAHIA BLANCA,anual/cautrimestral,1/2,Modalidad presencial (sin separación en tiempo y espacio).,CIENCIAS DE LA SALUD,No,cfp402_bblanca,Si,Administración y comercialización,Bahia blanca,cuatrimestral/anual,1/2,Modalidad presencial (sin separación en tiempo y espacio).,CIENCIAS ECONÓMICAS Y ADMINISTRACIÓN,No,cfp402_bblanca,Si,Tecnologia,Bahia blanca,cuatrimestral/anual,1/2,Modalidad presencial (sin separación en tiempo y espacio).,TECNOLÓGICAS,No,cfp402_bblanca,Si,Actividad agropecuaria,BAHIA BLANCA,anual,2,Modalidad presencial (sin separación en tiempo y espacio).,CIENCIAS AGROPECUARIAS Y AGROINDUSTRIALES,No,cfp402_bblanca,Si,ENERGIA ELECTRICA,BAHIA BLANCA,anual/cuatrimestral,1/2,Modalidad presencial (sin separación en tiempo y espacio).,CIENCIAS AMBIENTALES,No,cfp402_bblanca,Si,Comunicacion social,BAHIA BLANCA,CUATRIMESTRAL,1,Modalidad presencial (sin separación en tiempo y espacio).,CIENCIAS HUMANAS Y SOCIALES,No,cfp402_bblanca,Si,MADERA Y MUEBLES,BAHIA BLANCA,CUATRIMESTRAL,1,Modalidad presencial (sin separación en tiempo y espacio).,TECNOLÓGICAS,No,cfp402_bblanca,Si,CONSTRUCCIONES,BAHIA BLANCA,ANUAL,2,Modalidad presencial (sin separación en tiempo y espacio).,ARQUITECTURA Y DISEÑO,No,cfp402_bblanca,Si,cfp402bblanca@abc.gob.ar
2/07/2026 11:01:12,CFP402,NECOCHEA 1015,BAHIA BLANCA,METALMECANICA,BAHIA BLANCA,CUATRIMESTRAL,1,Modalidad presencial (sin separación en tiempo y espacio).,ARQUITECTURA Y DISEÑO,No,cfp402_bblanca,Si,ESTETICA PROFESIONAL,BAHIA BLANCA,CUATRIMESTRAL/ANUAL,1/2,Modalidad presencial (sin separación en tiempo y espacio).,CIENCIAS NATURALES,No,cfp402_bblanca,Si,TEXTIL E INDUMENTARIA,BAHIA BLANCA,CUATRIMESTRAL,1,Modalidad presencial (sin separación en tiempo y espacio).,CIENCIAS NATURALES,No,cfp402_bblanca,Si,INDUSTRIA GRAFICA,BAHIA BLANCA,CUATRIMESTRAL/ANUAL,1/2,Modalidad presencial (sin separación en tiempo y espacio).,ARQUITECTURA Y DISEÑO,No,cfp402_bblanca,"No, finalizar y enviar",,,,,,,,,,,,,,,,,,,,,,,,,,,,,,,,,,,,,,,,,,,,,,,,,,,,,,,cfp402bblanca@abc.gob.ar
2/07/2026 12:46:00,UNIVERSIDAD PROVINCIAL DEL SUDOESTE,CIUDAD DE CALI 320,BAHÍA BLANCA ,DIPLOMATURA UNIVERSITARIA EN GESTIÓN ADMINISTRATIVA,BENITO JUÁREZ,1 Año y medio,3 cuatrimestres ,Modalidad presencial (sin separación en tiempo y espacio).,CIENCIAS ECONÓMICAS Y ADMINISTRACIÓN,No,https://www.upso.edu.ar/diplomatura-universitaria-en-gestion-administrativa/,Si,TECNICATURA UNIVERSITARIA EN EMPRENDIMIENTOS DEL DISEÑO,CARHUÉ,2 Años y medio,5 cuatrimestres ,Modalidad presencial (sin separación en tiempo y espacio).,ARQUITECTURA Y DISEÑO,No,https://www.upso.edu.ar/tecnicatura-universitaria-en-emprendimientos-del-diseno-2/,Si,ENFERMERÍA,CARMEN DE PATAGONES ,3 años,6,Modalidad presencial (sin separación en tiempo y espacio).,CIENCIAS DE LA SALUD,No,https://www.upso.edu.ar/enfermeria-plan-2024/,Si,TECNICATURA UNIVERSITARIA EN PRODUCCIÓN AGROPECUARIA SOSTENIBLE,CORONEL DORREGO,3 años,6 cuatrimestres,Modalidad presencial (sin separación en tiempo y espacio).,CIENCIAS AGROPECUARIAS Y AGROINDUSTRIALES,No,https://www.upso.edu.ar/tecnicatura-universitaria-en-produccion-agropecuaria-sostenible/,Si,TECNICATURA UNIVERSITARIA EN MARKETING DIGITAL Y COMERCIO ELECTRÓNICO,CORONEL PRINGLES,3 Años ,6 cuatrimestres,Modalidad presencial (sin separación en tiempo y espacio).,CIENCIAS ECONÓMICAS Y ADMINISTRACIÓN,No,https://www.upso.edu.ar/tecnicatura-universitaria-en-marketing-digital-y-comercio-electronico/,Si,FORMACIÓN PROFESIONAL: CUIDADO DE PERSONAS ADULTAS MAYORES,CORONEL SUÁREZ,1 año,2 cuatrimestres ,Modalidad presencial (sin separación en tiempo y espacio).,CIENCIAS DE LA SALUD,No,https://www.upso.edu.ar/cuidado-de-personas-adultas-mayores/,Si,MARTILLERO Y CORREDOR PÚBLICO,DAIREAUX,3 años ,6 cuatrimestres ,"Modalidad a distancia asincrónica (separación en tiempo y espacio, sin necesidad de conexión en horarios fijos).",CIENCIAS ECONÓMICAS Y ADMINISTRACIÓN,No,https://www.upso.edu.ar/martillero-y-corredor-publico/,Si,DIPLOMATURA UNIVERSITARIA EN GESTIÓN DEL COMERCIO EXTERIOR,DARREGUEIRA,1 Año y medio,3 cuatrimestres ,Modalidad presencial (sin separación en tiempo y espacio).,CIENCIAS ECONÓMICAS Y ADMINISTRACIÓN,No,https://www.upso.edu.ar/diplomatura-universitaria-en-gestion-del-comercio-exterior/,Si,ACOMPAÑANTE TERAPÉUTICO,GENERAL LA MADRID,1 año,2 cuatrimestres ,Modalidad presencial (sin separación en tiempo y espacio).,CIENCIAS DE LA SALUD,No,https://www.upso.edu.ar/diplomatura-universitaria-en-acompanante-terapeutico/,Si,CICLO DE COMPLEMENTACIÓN CURRICULAR DE LA LICENCIATURA EN PSICOPEDAGOGÍA,GUAMINÍ,2 años,4 cuatrimestres ,"Modalidad a distancia asincrónica (separación en tiempo y espacio, sin necesidad de conexión en horarios fijos).",CIENCIAS DE LA SALUD,No,https://www.upso.edu.ar/licenciatura-en-psicopedagogia/,Si,www.upso.edu.ar
2/07/2026 16:02:23,Escuela de Artes Visuales Lino E. Spilimbergo,ZAPIOLA 247,BAHÍA BLANCA,"Profesorado en Artes Visuales Orientación Pintura, Escultura, Grabado",BAHÍA BLANCA,4 años,8 cuatrimestres,Modalidad presencial (sin separación en tiempo y espacio).,ARTES,No,www.esav.edu.ar,Si,Profesorado en Artes Visuales Orientación Diseño Gráfico,BAHÍA BLANCA,4 años,8 cuatrimestres,Modalidad presencial (sin separación en tiempo y espacio).,ARTES,No,www.esav.edu.ar,Si,Profesorado en Artes Visuales Orientación Cerámica,BAHÍA BLANCA,4 años,8 cuatrimestres,Modalidad presencial (sin separación en tiempo y espacio).,ARTES,No,www.esav.edu.ar,Si,Tecnicatura en Realizador en Artes Visuales,BAHÍA BLANCA,4 años,8 cuatrimestres,Modalidad presencial (sin separación en tiempo y espacio).,ARTES,No,www.esav.edu.ar,Si,Tecnicatura en Diseño Gráfico,BAHÍA BLANCA,4 años,8 cuatrimestres,Modalidad presencial (sin separación en tiempo y espacio).,ARTES,No,www.esav.edu.ar,Si,Tecnicatura en Ilustración,BAHÍA BLANCA,4 años,8 cuatrimestres,Modalidad presencial (sin separación en tiempo y espacio).,ARTES,No,www.esav.edu.ar,Si,Tecnicatura en Cerámica,BAHÍA BLANCA,3 años,6 cuatrimestres,Modalidad presencial (sin separación en tiempo y espacio).,ARTES,No,www.esav.edu.ar,"No, finalizar y enviar",,,,,,,,,,,,,,,,,,,,,,,,,,,,www.esav.edu.ar
3/07/2026 10:46:41,DEPARTAMENTO DE CIENCIAS DE LA EDUCACION (UNS),ALEM 235 - 1ER PISO,BAHIA BLANCA,LICENCIATURA EN CIENCIAS DE LA EDUCACIÓN,BAHIA BLANCA,5 AÑOS,10 CUATRIMESTRES,Modalidad presencial (sin separación en tiempo y espacio).,CIENCIAS HUMANAS Y SOCIALES,No,https://www.cienciasdelaeducacion.uns.edu.ar/,Si,PROFESORADO EN EDUCACIÓN INICIAL,BAHIA BLANCA,4 AÑOS,8 CUATRIMESTRES,Modalidad presencial (sin separación en tiempo y espacio).,CIENCIAS HUMANAS Y SOCIALES,No,https://www.cienciasdelaeducacion.uns.edu.ar/,Si,PROFESORADO EN EDUCACIÓN PRIMARIA,BAHIA BLANCA,4 AÑOS,8 CUATRIMESTRES,Modalidad presencial (sin separación en tiempo y espacio).,CIENCIAS HUMANAS Y SOCIALES,No,https://www.cienciasdelaeducacion.uns.edu.ar/,"No, finalizar y enviar",,,,,,,,,,,,,,,,,,,,,,,,,,,,,,,,,,,,,,,,,,,,,,,,,,,,,,,,,,,,,,,,https://www.uns.edu.ar/deptos/cseducacion
3/07/2026 10:54:20,Departamento de Ciencias de la Administración,DCA@UNS.EDU.AR,BAHÍA BLANCA,CONTADOR PÚBLICO,BAHÍA BLANCA,5,10,Modalidad presencial (sin separación en tiempo y espacio).,CIENCIAS ECONÓMICAS Y ADMINISTRACIÓN,No,https://www.cienciasdelaadministracion.uns.edu.ar/contador-publico/,Si,LICENCIATURA EN ADMINISTRACIÓN,BAHÍA BLANCA,5,10,Modalidad presencial (sin separación en tiempo y espacio).,CIENCIAS ECONÓMICAS Y ADMINISTRACIÓN,No,https://www.cienciasdelaadministracion.uns.edu.ar/licenciatura-en-administracion/,Si,PROFESORADO EN EDUCACIÓN SECUNDARIA EN CIENCIAS DE LA ADMINISTRACIÓN,BAHÍA BLANCA,4,8,Modalidad presencial (sin separación en tiempo y espacio).,CIENCIAS ECONÓMICAS Y ADMINISTRACIÓN,No,https://www.cienciasdelaadministracion.uns.edu.ar/profesorado-en-ciencias-de-la-administracion/,Si,PROFESORADO EN EDUCACIÓN SECUNDARIA Y SUPERIOR EN CIENCIAS DE LA ADMINISTRACIÓN,BAHÍA BLANCA,5,10,Modalidad presencial (sin separación en tiempo y espacio).,CIENCIAS ECONÓMICAS Y ADMINISTRACIÓN,No,https://www.cienciasdelaadministracion.uns.edu.ar/profesorado-en-ciencias-de-la-administracion/,Si,DOCTORADO EN CIENCIAS DE LA ADMINISTRACIÓN,BAHÍA BLANCA,600 HORAS,-,Modalidad presencial (sin separación en tiempo y espacio).,CIENCIAS ECONÓMICAS Y ADMINISTRACIÓN,Si,https://www.cienciasdelaadministracion.uns.edu.ar/posgrados/doctorado/,Si,MAESTRÍA EN ADMINISTRACIÓN,BAHÍA BLANCA,560 HORAS,-,Modalidad presencial (sin separación en tiempo y espacio).,CIENCIAS ECONÓMICAS Y ADMINISTRACIÓN,Si,https://www.cienciasdelaadministracion.uns.edu.ar/posgrados/maestrias/,Si,MAESTRÍA EN ADMINISTRACIÓN FINANCIERA DE NEGOCIOS,BAHÍA BLANCA,700 HORAS,-,Modalidad presencial (sin separación en tiempo y espacio).,CIENCIAS ECONÓMICAS Y ADMINISTRACIÓN,Si,https://www.cienciasdelaadministracion.uns.edu.ar/posgrados/maestria-en-administracion-financiera-de-negocios/,Si,MAESTRÍA EN CONTABILIDAD Y AUDITORÍA,BAHÍA BLANCA,700 HORAS,-,Modalidad presencial (sin separación en tiempo y espacio).,CIENCIAS ECONÓMICAS Y ADMINISTRACIÓN,Si,https://www.cienciasdelaadministracion.uns.edu.ar/posgrados/especializaciones/,Si,"ESPECIALIZACIÓN EN CONTABILIDAD SUPERIOR, CONTROL Y AUDITORÍA",BAHÍA BLANCA,380 HORAS,-,Modalidad presencial (sin separación en tiempo y espacio).,CIENCIAS ECONÓMICAS Y ADMINISTRACIÓN,Si,https://www.cienciasdelaadministracion.uns.edu.ar/posgrados/especializaciones/,Si,ESPECIALIZACIÓN EN GESTIÓN DE RECURSOS HUMANOS,BAHÍA BLANCA,400,-,Modalidad presencial (sin separación en tiempo y espacio).,CIENCIAS ECONÓMICAS Y ADMINISTRACIÓN,Si,https://www.cienciasdelaadministracion.uns.edu.ar/posgrados/especializacion-en-gestion-de-recursos-humanos/,Si,www.cienciasdelaadministracion.uns.edu.ar
3/07/2026 12:08:21,UNIVERSIDAD PROVINCIAL DEL SUDOESTE,CIUDAD DE CALI 320,BAHIA BLANCA ,TECNICATURA UNIVERSITARIA EN TECNOLOGÍAS DE PROGRAMACIÓN,LAPRIDA,2 años,4 cuatrimestres ,Modalidad presencial (sin separación en tiempo y espacio).,SISTEMAS E INFORMÁTICA,No,https://www.upso.edu.ar/tecnicatura-universitaria-en-tecnologias-de-programacion-3/,Si,CICLO DE COMPLEMENTACIÓN CURRICULAR DE LA LICENCIATURA EN GESTIÓN E INNOVACIÓN EDUCATIVA,MÉDANOS,2 años,4 cuatrimestre ,Modalidad presencial (sin separación en tiempo y espacio).,CIENCIAS HUMANAS Y SOCIALES,No,https://www.upso.edu.ar/licenciatura-en-gestion-e-innovacion-educativa-ccc/,Si,DIPLOMATURA UNIVERSITARIA ESPECIALIZADA EN GESTIÓN EDUCATIVA,MÉDANOS,1 AÑO,2 cuatrimestres,Modalidad presencial (sin separación en tiempo y espacio).,CIENCIAS HUMANAS Y SOCIALES,No,https://www.upso.edu.ar/diplomatura-universitaria-especializada-en-gestion-educativa/,Si,TECNICATURA UNIVERSITARIA EN EMPRENDIMIENTOS AUDIOVISUALES,MONTE HERMOSO,2 años y medio,5,Modalidad presencial (sin separación en tiempo y espacio).,ARTES,No,https://www.upso.edu.ar/tecnicatura-universitaria-en-emprendimientos-audiovisuales-2/,Si,TECNICATURA UNIVERSITARIA EN CREACIÓN Y GESTIÓN DE PEQUEÑAS Y MEDIANAS EMPRESAS,PELLEGRINI,3,6,"Modalidad a distancia asincrónica (separación en tiempo y espacio, sin necesidad de conexión en horarios fijos).",CIENCIAS ECONÓMICAS Y ADMINISTRACIÓN,No,https://www.upso.edu.ar/tecnicatura-universitaria-en-creacion-y-gestion-de-pymes/,Si,DIPLOMATURA UNIVERSITARIA EN OPERACIONES LOGÍSTICAS,PIGÜÉ,1,2,Modalidad presencial (sin separación en tiempo y espacio).,CIENCIAS ECONÓMICAS Y ADMINISTRACIÓN,No,https://www.upso.edu.ar/diplomatura-universitaria-en-operaciones-logisticas/,Si,LICENCIATURA EN DISEÑO INDUSTRIAL,PUNTA ALTA,4 años y medio,9 cuatrimestres ,Modalidad presencial (sin separación en tiempo y espacio).,ARQUITECTURA Y DISEÑO,No,https://www.upso.edu.ar/licenciatura-en-diseno-industrial-2/,Si,TECNICATURA UNIVERSITARIA EN EMPRENDIMIENTOS DEL DISEÑO,PUNTA ALTA,2 años y medio,5 cuatrimestres,Modalidad presencial (sin separación en tiempo y espacio).,ARQUITECTURA Y DISEÑO,No,https://www.upso.edu.ar/tecnicatura-universitaria-en-emprendimientos-del-diseno-2/,Si,TECNICATURA UNIVERSITARIA EN GESTIÓN DEL COMERCIO EXTERIOR Y RÉGIMEN ADUANERO,PUNTA ALTA,3 años,6 cuatrimestres ,Modalidad presencial (sin separación en tiempo y espacio).,CIENCIAS ECONÓMICAS Y ADMINISTRACIÓN,No,https://www.upso.edu.ar/gestion-del-comercio-exterior-y-regimen-aduanero/,Si,MARTILLERO Y CORREDOR PÚBLICO,SALLIQUELÓ,3 AÑOS ,6 CUATRIMESTRES ,"Modalidad a distancia asincrónica (separación en tiempo y espacio, sin necesidad de conexión en horarios fijos).",CIENCIAS ECONÓMICAS Y ADMINISTRACIÓN,No,https://www.upso.edu.ar/martillero-y-corredor-publico/,Si,www.upso.edu.ar
3/07/2026 14:23:55,"DEPARTAMENTO DE ECONOMÍA, UNIVERSIDAD NACIONAL DEL SUR","SAN ANDRÉS 800, CAMPUS ALTOS DE PALIHUE",BAHÍA BLANCA,LICENCIATURA EN ECONOMÍA,BAHIA BLANCA,4 AÑOS Y MEDIO,9,Modalidad presencial (sin separación en tiempo y espacio).,CIENCIAS ECONÓMICAS Y ADMINISTRACIÓN,No,https://sites.google.com/view/muestradecarreraseconomia,Si,PROFESORADO EN ECONOMÍA,BAHÍA BLANCA,5,10,Modalidad presencial (sin separación en tiempo y espacio).,CIENCIAS ECONÓMICAS Y ADMINISTRACIÓN,No,https://sites.google.com/view/muestradecarreraseconomia,Si,PROFESORADO EN ECONOMÍA PARA LA ENSEÑANZA SECUNDARIA,BAHÍA BLANCA,4,8,Modalidad presencial (sin separación en tiempo y espacio).,CIENCIAS ECONÓMICAS Y ADMINISTRACIÓN,No,https://sites.google.com/view/muestradecarreraseconomia,"No, finalizar y enviar",,,,,,,,,,,,,,,,,,,,,,,,,,,,,,,,,,,,,,,,,,,,,,,,,,,,,,,,,,,,,,,,http://www.economia.uns.edu.ar/
6/07/2026 11:48:57,UNIVERSIDAD PROVINCAL DEL SUDOESTE ,CIUDAD DE CALI 320,BAHIA BLANCA ,TECNICATURA UNIVERSITARIA EN MARKETING DIGITAL Y COMERCIO ELECTRÓNICO,TRES ARROYOS ,3,6 cuatrimestres ,Modalidad presencial (sin separación en tiempo y espacio).,CIENCIAS ECONÓMICAS Y ADMINISTRACIÓN,No,https://www.upso.edu.ar/tecnicatura-universitaria-en-marketing-digital-y-comercio-electronico/,Si,TECNICATURA UNIVERSITARIA EN TECNOLOGÍAS WEB Y APLICACIONES INTERACTIVAS,TRES LOMAS,3,6 cuatrimestres ,Modalidad presencial (sin separación en tiempo y espacio).,SISTEMAS E INFORMÁTICA,No,https://www.upso.edu.ar/tecnicatura-universitaria-en-tecnologias-web-y-aplicaciones-interactivas/,"No, finalizar y enviar",,,,,,,,,,,,,,,,,,,,,,,,,,,,,,,,,,,,,,,,,,,,,,,,,,,,,,,,,,,,,,,,,,,,,,,,,https://www.upso.edu.ar/
6/07/2026 11:52:36,UNIVERSIDAD PROVINCIAL DEL SUDOESTE,CIUDAD DE CALI 320,BAHIA BLANCA,FORMACIÓN PROFESIONA CUIDADO DE PERSONAS ADULTAS MAYORES,SALDUNGARAY,1 año,2 cuatrimestres ,Modalidad presencial (sin separación en tiempo y espacio).,CIENCIAS DE LA SALUD,No,https://www.upso.edu.ar/cuidado-de-personas-adultas-mayores/,"No, finalizar y enviar",,,,,,,,,,,,,,,,,,,,,,,,,,,,,,,,,,,,,,,,,,,,,,,,,,,,,,,,,,,,,,,,,,,,,,,,,,,,,,,,,,https://www.upso.edu.ar/
7/07/2026 10:44:38,INSTITUTO SUPERIOR EZEQUIEL MARTINEZ ESTRADA -ISEME,BELGRANO 251,BAHIA BLANCA,TECNICATURA SUPERIOR EN RADIOLOGIA,BAHIA BLANCA,3 AÑOS,6 CUATRIMESTRE,Modalidad presencial (sin separación en tiempo y espacio).,CIENCIAS DE LA SALUD,Si,http://www.iseme.edu.ar/radiologia/,Si,TECNICATURA SUPERIOR EN INSTRUMENTACION QUIRURGICA,BAHIA BLANCA,3 AÑOS,6 CUATRIMESTRES,Modalidad presencial (sin separación en tiempo y espacio).,CIENCIAS DE LA SALUD,Si,http://www.iseme.edu.ar/instrumentacion-quirurgica/,Si,TECNICO EN ANESTESIOLOGIA,BAHIA BLANCA,1 AÑO Y MEDIO,3 CUATRIMESTRES,Modalidad presencial (sin separación en tiempo y espacio).,CIENCIAS DE LA SALUD,Si,http://www.iseme.edu.ar/anestesiologia-2/,Si,TECNICATURA SUPERIOR EN PROTESICO DENTAL DE LABORATORIO,BAHIA BLANCA,3 AÑOS,6 CUATRIMESTRES,Modalidad presencial (sin separación en tiempo y espacio).,CIENCIAS DE LA SALUD,Si,http://www.iseme.edu.ar/protesico-dental/,Si,TECNICATURA SUPERIOR EN ESCENA DEL CRIMEN,BAHIA BLANCA,3 AÑOS,6 CUATRIMESTRES,Modalidad presencial (sin separación en tiempo y espacio).,SEGURIDAD PÚBLICA,Si,http://www.iseme.edu.ar/escena-del-crimen/,Si,TECNICATURA SUPERIOR TECNOLOGIA EN SALUD CON ESPECIALIDAD EN HEMOTERAPIA,BAHIA BLANCA,3 AÑOS,6 CUATRIMESTRES,Modalidad presencial (sin separación en tiempo y espacio).,CIENCIAS DE LA SALUD,Si,http://www.iseme.edu.ar/hemoterapia-2/,Si,TECNICATURA SUPERIOR EN TECNOLOGIA EN SALUD CON ESPECIALIDAD EN CARDIOLOGIA,BAHIA BLANCA,3 AÑOS,6 CUATRIMESTRES,Modalidad presencial (sin separación en tiempo y espacio).,CIENCIAS DE LA SALUD,Si,http://www.iseme.edu.ar/cardiologia-2/,Si,ESTERILIZACION,BAHIA BLANCA,3 AÑOS,6 CUATRIMESTRES,Modalidad presencial (sin separación en tiempo y espacio).,CIENCIAS DE LA SALUD,Si,http://www.iseme.edu.ar/oferta-academica/,Si,CARREAS A DISTANCIA - UNIVERSIDAD FASTA,BAHIA BLANCA,DEPENDE DE CADA CARRERA,DEPENDE DE CADA CARRERA,"Modalidad a distancia asincrónica (separación en tiempo y espacio, sin necesidad de conexión en horarios fijos).",TECNOLÓGICAS,Si,https://www.ufasta.edu.ar/distancia/carreras/,"No, finalizar y enviar",,,,,,,,,,WWW.ISEME.EDU.AR
7/07/2026 11:05:27,DEPARTAMENTO DE INGENIERÍA UNS,ALEM 1253,BAHÍA BLANCA,INGENIERÍA CIVIL,BAHÍA BLANCA,5,10,Modalidad presencial (sin separación en tiempo y espacio).,TECNOLÓGICAS,No,https://diuns.short.gy/Muestra,Si,INGENIERÍA INDUSTRIAL,BAHÍA BLANCA,5,10,Modalidad presencial (sin separación en tiempo y espacio).,TECNOLÓGICAS,No,https://diuns.short.gy/Muestra,Si,INGENIERÍA MECÁNICA,BAHÍA BLANCA,5,10,Modalidad presencial (sin separación en tiempo y espacio).,TECNOLÓGICAS,No,https://diuns.short.gy/Muestra,Si,AGRIMENSURA,BAHÍA BLANCA,5,10,Modalidad presencial (sin separación en tiempo y espacio).,TECNOLÓGICAS,No,https://diuns.short.gy/Muestra,"No, finalizar y enviar",,,,,,,,,,,,,,,,,,,,,,,,,,,,,,,,,,,,,,,,,,,,,,,,,,,,,,,http://www.ingenieria.uns.edu.ar/
8/07/2026 16:30:49,INSTITUTO MARÍA AUXILIADORA N 4129 FORMACIÓN DOCENTE Y TECNICA,RONDEAU 75,BAHÍA BLANCA ,TECNICATURA SUPERIOR EN TRABAJO SOCIAL ,BAHIA BLANCA ,4 años ,ANUAL ,Modalidad presencial (sin separación en tiempo y espacio).,CIENCIAS HUMANAS Y SOCIALES,Si,Www.imabahiablanca.edu.ar,Si,PROFESORADO EN EDUCACIÓN INICIAL ,BAHÍA BLANCA ,4 AÑOS,ANUAL,Modalidad presencial (sin separación en tiempo y espacio).,CIENCIAS HUMANAS Y SOCIALES,Si,Www.imabahiablanca.edu.ar,"No, finalizar y enviar",,,,,,,,,,,,,,,,,,,,,,,,,,,,,,,,,,,,,,,,,,,,,,,,,,,,,,,,,,,,,,,,,,,,,,,,,Www.imabahiablanca.edu.ar
8/07/2026 19:07:38,DEPARTAMENTO DE HUMANIDADES,12 DE OCTUBRE Y SAN JUAN,BAHÍA BLANCA,LICENCIATURA EN HISTORIA,BAHÍA BLANCA,5,10,Modalidad presencial (sin separación en tiempo y espacio).,CIENCIAS HUMANAS Y SOCIALES,No,https://servicios.uns.edu.ar/grado/plan.asp?dependen=4&carrera=22,Si,PROFESORADO EN HISTORIA,BAHÍA BLANCA,5,10,Modalidad presencial (sin separación en tiempo y espacio).,CIENCIAS HUMANAS Y SOCIALES,No,https://servicios.uns.edu.ar/grado/plan.asp?dependen=4&carrera=42,Si,LICENCIATURA EN FILOSOFÍA,BAHÍA BLANCA,5,10,Modalidad presencial (sin separación en tiempo y espacio).,CIENCIAS HUMANAS Y SOCIALES,No,https://servicios.uns.edu.ar/grado/plan.asp?dependen=4&carrera=24,Si,PROFESORADO EN FILOSOFÍA,BAHÍA BLANCA,5,10,Modalidad presencial (sin separación en tiempo y espacio).,CIENCIAS HUMANAS Y SOCIALES,No,https://servicios.uns.edu.ar/grado/plan.asp?dependen=4&carrera=70,Si,LICENCIATURA EN LETRAS,BAHÍA BLANCA,5,10,Modalidad presencial (sin separación en tiempo y espacio).,CIENCIAS HUMANAS Y SOCIALES,No,https://servicios.uns.edu.ar/grado/plan.asp?dependen=4&carrera=23,Si,PROFESORADO EN LETRAS,BAHÍA BLANCA,5,10,Modalidad presencial (sin separación en tiempo y espacio).,CIENCIAS HUMANAS Y SOCIALES,No,https://servicios.uns.edu.ar/grado/plan.asp?dependen=4&carrera=43,"No, finalizar y enviar",,,,,,,,,,,,,,,,,,,,,,,,,,,,,,,,,,,,,https://www.humanidades.uns.edu.ar/
17/07/2026 15:30:02,CONSERVATORIO DE MUSICA,LAMADRID 441,BAHIA BLANCA,PROFESORADO EN MUSICA  ORIENTACION INSTRUMENTO,BAHIA BLANCA,4 AÑOS,8 CUATRIMESTRES (DOS CUATRIMESTRE POR AÑO),Modalidad presencial (sin separación en tiempo y espacio).,ARTES,No,https://cbblanca-bue.infd.edu.ar/sitio/oferta-educativa/,Si,PROFESORADOS DE MUSICA-CANTO LIRICO,BAHIA BLANCA,4 AÑOS,8 CUATRIMESTRES,Modalidad presencial (sin separación en tiempo y espacio).,ARTES,No,https://cbblanca-bue.infd.edu.ar/sitio/oferta-educativa/,Si,PROFESORADO ORIENTACION EDUCACION MUSICAL,BAHIA BLANCA,4 AÑOS,8 CUATRIMESTRES,Modalidad presencial (sin separación en tiempo y espacio).,ARTES,No,https://cbblanca-bue.infd.edu.ar/sitio/oferta-educativa/,Si,PROFESORADO DE MUSICA- ORIENTACIÓN CANTO POPULAR,BAHIA BLANCA,4 AÑOS,8 CUATRIMESTRES,Modalidad presencial (sin separación en tiempo y espacio).,ARTES,No,https://cbblanca-bue.infd.edu.ar/sitio/oferta-educativa/,Si,PROFESORADO DE MUSICA-ORIENTACION INSTRUMENTO MÚSICA POPULAR-BAJO ELECTRICO-GUITARRA-GUITARRA ELÉCTRICA,BAHIA BLANCA,4  AÑOS,8 CUATRIMESTRES,Modalidad presencial (sin separación en tiempo y espacio).,ARTES,No,https://cbblanca-bue.infd.edu.ar/sitio/oferta-educativa/,Si,TECNICATURA-CAPACITACIÓN INSTRUMENTAL,BAHIA BLANCA,4 AÑOS,8 CUATRIMESTRES,Modalidad presencial (sin separación en tiempo y espacio).,ARTES,No,https://cbblanca-bue.infd.edu.ar/sitio/oferta-educativa/,Si,TECNICATURA CAPACITACION VOCAL,BAHIA BLANCA,4 AÑOS,8 CUATRIMESTRES,Modalidad presencial (sin separación en tiempo y espacio).,ARTES,No,https://cbblanca-bue.infd.edu.ar/sitio/oferta-educativa/,Si,CAPACITACION INSTRUMENTAL MUSICA POPULAR,BAHIA BLANCA,4 AÑOS,8 CUATRIMESTRES,Modalidad presencial (sin separación en tiempo y espacio).,ARTES,No,https://cbblanca-bue.infd.edu.ar/sitio/oferta-educativa/,Si,TECNICATURA CAPACITACION VOCAL MUSICA POPULAR,BAHIA BLANCA,4 AÑOS,8 CUATRIMESTRES,Modalidad presencial (sin separación en tiempo y espacio).,ARTES,No,https://cbblanca-bue.infd.edu.ar/sitio/oferta-educativa/,Si,FOBA JOVENES Y ADULTOS,BAHIA BLANCA,3 NIVELES,6 CUATRIMESTRES,Modalidad presencial (sin separación en tiempo y espacio).,ARTES,No,https://cbblanca-bue.infd.edu.ar/sitio/oferta-educativa/,Si,https://cbblanca-bue.infd.edu.ar/sitio/
17/07/2026 15:37:13,BAHIA BLANCA,LAMADRID 441,BAHIA BLANCA,FOBA CANTO LIRICO-CAMARISTICO,BAHIA BLANCA,3 NIVELES,6 CUATRIMESTRES,Modalidad presencial (sin separación en tiempo y espacio).,ARTES,No,https://cbblanca-bue.infd.edu.ar/sitio/oferta-educativa/,Si,FOBA CANTO MUSICA POPULAR,BAHIA BLANCA,3 NIVELES,6 CUATRIMESTRES,Modalidad presencial (sin separación en tiempo y espacio).,ARTES,No,https://cbblanca-bue.infd.edu.ar/sitio/oferta-educativa/,Si,FOBA INSTRUMENTO MUSICA POPULAR (BAJO Y GUITARRA ELECTRICA),BAHIA BLANCA,3 NIVELES,6 CUATRIMESTRES,Modalidad presencial (sin separación en tiempo y espacio).,ARTES,No,https://cbblanca-bue.infd.edu.ar/sitio/oferta-educativa/,"No, finalizar y enviar",,,,,,,,,,,,,,,,,,,,,,,,,,,,,,,,,,,,,,,,,,,,,,,,,,,,,,,,,,,,,,,,https://cbblanca-bue.infd.edu.ar/sitio/
5/08/2026 15:29:49,INSTITUTO SUPERIOR DE F. D. y T. DR. PEDRO GOYENA,AV. COLÓN 446,BAHÍA BLANCA,PROFESORADO DE EDUCACIÓN FÍSICA,BAHÍA BLANCA,4 AÑOS,8 CUATRIMESTRES,Modalidad presencial (sin separación en tiempo y espacio).,CIENCIAS HUMANAS Y SOCIALES,Si,https://institutogoyena.edu.ar/profesorado-de-educacion-fisica/,Si,TECNICATURA SUPERIOR EN PRODUCCIÓN AGRÍCOLA GANADERA,BAHÍA BLANCA,3 AÑOS,6 CUATRIMESTRES,Modalidad presencial (sin separación en tiempo y espacio).,CIENCIAS AGROPECUARIAS Y AGROINDUSTRIALES,Si,https://institutogoyena.edu.ar/tecnicatura-superior-en-produccion-agricola-ganadera/,Si,Tecnicatura Superior en Régimen Aduanero y Negocios Internacionales,BAHIA BLANCA,3 AÑOS,6 CUATRIMESTRES,Modalidad presencial (sin separación en tiempo y espacio).,CIENCIAS ECONÓMICAS Y ADMINISTRACIÓN,Si,https://institutogoyena.edu.ar/tecnicatura-superior-en-regimen-aduanero-y-negocios-internacionales/,Si,Tecnicatura Superior en Servicios Gastronómicos,BAHÍA BLANCA,3 AÑOS,6 CUATRIMESTRES,Modalidad presencial (sin separación en tiempo y espacio).,CIENCIAS HUMANAS Y SOCIALES,Si,https://institutogoyena.edu.ar/tecnicatura-superior-en-servicios-gastronomicos/,Si,Tecnicatura Superior en Traductorado Técnico-Científico en Lengua Inglesa,BAHÍA BLANCA,3 AÑOS,6 CUATRIMESTRES,Modalidad presencial (sin separación en tiempo y espacio).,CIENCIAS HUMANAS Y SOCIALES,Si,https://institutogoyena.edu.ar/tecnicatura-superior-en-traductorado-tecnico-cientifico-en-lengua-inglesa/,Si,Tecnicatura Superior en Traductorado Técnico-Científico en Lengua Inglesa,BAHÍA BLANCA,3 AÑOS,6 CUATRIMESTRES,Modalidad presencial (sin separación en tiempo y espacio).,CIENCIAS HUMANAS Y SOCIALES,Si,https://institutogoyena.edu.ar/tecnicatura-superior-en-traductorado-tecnico-cientifico-en-lengua-inglesa/,Si,Tecnicatura Superior en Hotelería,BAHÍA BLANCA,3 AÑOS,6 CUATRIMESTRES,Modalidad presencial (sin separación en tiempo y espacio).,CIENCIAS HUMANAS Y SOCIALES,Si,https://institutogoyena.edu.ar/tecnicatura-superior-en-hoteleria/,Si,Tecnicatura Superior en Administración Financiera,BAHÍA BLANCA,3 AÑOS,6 CUATRIMESTRES,Modalidad presencial (sin separación en tiempo y espacio).,CIENCIAS ECONÓMICAS Y ADMINISTRACIÓN,Si,https://institutogoyena.edu.ar/tecnicatura-superior-en-administracion-financiera/,Si,Tecnicatura Superior en Viticultura y Enología,BAHÍA BLANCA,2 AÑOS Y MEDIO,5 CUATRIMESTRES,Modalidad presencial (sin separación en tiempo y espacio).,CIENCIAS AGROPECUARIAS Y AGROINDUSTRIALES,Si,https://institutogoyena.edu.ar/tecnicatura-superior-en-viticultura-y-enologia/,Si,Tecnicatura Superior en Logística,BAHÍA BLANCA,3 AÑOS,6 CUATRIMESTRES,Modalidad presencial (sin separación en tiempo y espacio).,CIENCIAS ECONÓMICAS Y ADMINISTRACIÓN,Si,https://institutogoyena.edu.ar/tecnicatura-superior-en-logistica/,"No, finalizar y enviar",institutogoyena.edu.ar
-,,,,,,,,,,,,,,,,,,,,,,,,,,,,,,,,,,,,,,,,,,,,,,,,,,,,,,,,,,,,,,,,,,,,,,,,,,,,,,,,,,,,,,,,,,,,,,